graph_id,graph_edge_list,node_labels
13947,"[[7, 3], [7, 8], [7, 9], [3, 4], [3, 2], [5, 4], [6, 4], [1, 0], [1, 2], [0, 4]]","['C', 'C', 'C', 'N', 'S', 'O', 'O', 'N', 'O', 'O']"
1409,"[[7, 8], [7, 4], [7, 9], [3, 1], [3, 6], [5, 8], [5, 2], [6, 4], [1, 0], [1, 2], [4, 2]]","['O', 'C', 'C', 'C', 'C', 'O', 'O', 'C', 'C', 'O']"
14219,"[[7, 0], [7, 6], [3, 0], [3, 2], [5, 6], [5, 4], [8, 2], [8, 9], [1, 0], [1, 2], [0, 4]]","['C', 'C', 'C', 'C', 'S', 'C', 'C', 'O', 'C', 'N']"
14285,"[[7, 0], [7, 8], [7, 6], [3, 2], [5, 6], [5, 4], [1, 0], [1, 2], [9, 0], [4, 2]]","['C', 'C', 'C', 'C', 'C', 'C', 'C', 'C', 'O', 'O']"
1430,"[[3, 5], [3, 1], [5, 6], [6, 4], [1, 0], [1, 2], [4, 2]]","['C', 'N', 'C', 'C', 'S', 'S', 'C']"
14311,"[[7, 6], [3, 8], [3, 4], [3, 2], [5, 8], [5, 6], [6, 4], [1, 0], [1, 2], [0, 4]]","['C', 'C', 'C', 'C', 'N', 'S', 'C', 'S', 'C']"
1439,"[[7, 4], [3, 5], [3, 6], [3, 1], [8, 4], [1, 0], [0, 2], [4, 2]]","['C', 'N', 'N', 'C', 'C', 'C', 'C', 'C', 'C']"
14454,"[[7, 8], [7, 6], [7, 9], [3, 2], [5, 6], [5, 2], [1, 0], [1, 2], [4, 2]]","['N', 'C', 'P', 'O', 'O', 'O', 'C', 'C', 'O', 'O']"
1453,"[[7, 3], [7, 5], [3, 1], [3, 6], [5, 2], [1, 0], [1, 2], [4, 2]]","['C', 'N', 'C', 'C', 'O', 'C', 'S', 'S']"
14560,"[[7, 4], [3, 5], [3, 6], [3, 2], [3, 4], [8, 0], [1, 0], [1, 2], [1, 9], [0, 4]]","['C', 'C', 'N', 'S', 'N', 'O', 'O', 'C', 'O', 'C']"
14561,"[[7, 6], [3, 2], [5, 4], [8, 1], [8, 2], [6, 2], [1, 0], [9, 4], [4, 2]]","['C', 'C', 'C', 'N', 'C', 'O', 'C', 'O', 'C', 'O']"
14733,"[[7, 6], [3, 5], [3, 4], [3, 1], [8, 6], [6, 0], [1, 0], [1, 2]]","['N', 'C', 'C', 'C', 'O', 'N', 'N', 'O', 'O']"
1480,"[[7, 5], [7, 9], [3, 5], [3, 2], [5, 8], [8, 6], [6, 4], [1, 0], [0, 2], [4, 2]]","['S', 'C', 'C', 'C', 'N', 'C', 'C', 'S', 'N', 'C']"
1485,"[[7, 4], [7, 9], [3, 1], [5, 2], [5, 8], [5, 9], [6, 4], [1, 0], [0, 2], [4, 2]]","['C', 'C', 'N', 'C', 'C', 'C', 'O', 'C', 'S', 'S']"
149,"[[0, 1], [0, 2], [1, 3]]","['C', 'N', 'O', 'C']"
14921,"[[3, 0], [5, 0], [6, 0], [1, 0], [0, 4], [0, 2]]","['Co', 'N', 'I', 'N', 'N', 'I', 'I']"
14929,"[[3, 0], [5, 0], [6, 0], [1, 0], [0, 4], [0, 2]]","['Co', 'N', 'N', 'N', 'Cl', 'Cl', 'Cl']"
1496,"[[7, 3], [7, 8], [3, 1], [3, 6], [5, 6], [5, 2], [8, 4], [8, 9], [1, 0], [1, 2], [4, 2]]","['C', 'N', 'C', 'C', 'C', 'C', 'C', 'C', 'C', 'O']"
1497,"[[7, 3], [7, 8], [3, 1], [3, 6], [5, 6], [5, 2], [8, 4], [8, 9], [1, 0], [1, 2], [4, 2]]","['C', 'N', 'C', 'C', 'C', 'C', 'C', 'C', 'C', 'O']"
14972,"[[7, 6], [3, 2], [3, 6], [3, 4], [5, 2], [1, 0], [1, 2], [0, 4]]","['C', 'C', 'C', 'C', 'C', 'O', 'C', 'O']"
14973,"[[7, 6], [3, 0], [3, 4], [5, 2], [6, 4], [1, 0], [1, 2], [4, 2]]","['C', 'C', 'C', 'C', 'C', 'O', 'C', 'O']"
15064,"[[7, 6], [3, 5], [3, 4], [3, 1], [5, 8], [5, 6], [8, 0], [8, 9], [1, 0], [1, 2]]","['N', 'C', 'O', 'C', 'O', 'C', 'C', 'N', 'C', 'O']"
1524,"[[7, 6], [7, 4], [3, 1], [3, 6], [5, 2], [5, 9], [8, 4], [8, 9], [1, 0], [1, 2], [4, 2]]","['N', 'C', 'C', 'C', 'C', 'N', 'C', 'C', 'C', 'N']"
1539,"[[0, 1], [0, 2], [1, 3], [3, 4], [2, 4]]","['C', 'C', 'C', 'N', 'N']"
15507,"[[7, 8], [7, 6], [7, 9], [3, 4], [3, 2], [5, 0], [5, 6], [5, 4], [1, 0], [1, 2], [9, 4]]","['C', 'C', 'C', 'C', 'C', 'C', 'O', 'C', 'S', 'O']"
15693,"[[7, 6], [3, 5], [3, 4], [3, 2], [5, 6], [8, 6], [1, 0], [1, 2]]","['O', 'C', 'N', 'C', 'O', 'C', 'C', 'O', 'C']"
15839,"[[7, 3], [7, 9], [3, 4], [3, 2], [5, 0], [5, 4], [8, 6], [6, 0], [1, 0], [1, 2]]","['N', 'C', 'C', 'N', 'C', 'C', 'C', 'C', 'O', 'S']"
1584,"[[7, 6], [3, 1], [5, 1], [8, 6], [6, 2], [1, 0], [1, 4], [0, 2]]","['C', 'S', 'N', 'O', 'O', 'O', 'C', 'C', 'O']"
15842,"[[7, 6], [3, 2], [3, 6], [3, 4], [5, 0], [5, 4], [8, 6], [1, 0], [1, 2]]","['C', 'C', 'C', 'C', 'C', 'N', 'P', 'O', 'O']"
15843,"[[7, 5], [3, 5], [3, 4], [3, 2], [5, 6], [1, 0], [1, 2], [0, 4]]","['C', 'C', 'S', 'C', 'C', 'P', 'O', 'O']"
15844,"[[7, 5], [3, 4], [3, 2], [5, 6], [5, 4], [1, 0], [1, 2], [0, 4]]","['C', 'C', 'S', 'C', 'C', 'P', 'O', 'O']"
15874,"[[7, 5], [7, 8], [7, 9], [3, 4], [3, 2], [5, 0], [5, 4], [6, 2], [1, 0], [1, 2]]","['C', 'C', 'C', 'C', 'C', 'C', 'C', 'C', 'O', 'C']"
1621,"[[7, 2], [3, 1], [5, 1], [8, 6], [6, 2], [1, 0], [1, 4], [0, 2]]","['C', 'S', 'C', 'O', 'O', 'O', 'C', 'C', 'O']"
1622,"[[7, 4], [3, 0], [5, 1], [6, 2], [1, 0], [1, 4], [0, 2]]","['C', 'C', 'N', 'N', 'N', 'N', 'N', 'N']"
1626,"[[7, 5], [3, 5], [3, 1], [5, 6], [6, 4], [1, 0], [1, 2], [1, 4]]","['C', 'C', 'C', 'N', 'C', 'C', 'O', 'O']"
16369,"[[7, 6], [3, 4], [3, 2], [5, 1], [5, 8], [5, 6], [5, 9], [6, 2], [1, 0], [1, 2], [0, 4]]","['S', 'C', 'N', 'C', 'C', 'C', 'C', 'O', 'C', 'C']"
164,"[[3, 5], [3, 1], [5, 4], [1, 0], [1, 2], [4, 2]]","['N', 'C', 'N', 'S', 'C', 'C']"
1640,"[[7, 6], [3, 1], [5, 1], [8, 6], [6, 2], [1, 0], [1, 4], [0, 2]]","['C', 'S', 'C', 'O', 'O', 'O', 'C', 'N', 'O']"
165,"[[7, 5], [7, 8], [7, 6], [3, 5], [3, 2], [6, 4], [1, 0], [0, 2], [4, 2]]","['N', 'O', 'C', 'C', 'C', 'C', 'C', 'C', 'O']"
16585,"[[7, 6], [3, 4], [3, 2], [5, 4], [8, 6], [6, 4], [6, 9], [1, 0], [1, 2]]","['C', 'C', 'C', 'C', 'C', 'Br', 'Si', 'C', 'C', 'C']"
16597,"[[7, 1], [7, 2], [3, 4], [3, 2], [5, 6], [5, 4], [1, 0]]","['C', 'O', 'C', 'C', 'C', 'C', 'O', 'C']"
16602,"[[7, 5], [3, 2], [5, 6], [5, 4], [8, 1], [6, 0], [1, 0], [1, 2], [1, 9], [4, 2]]","['N', 'C', 'C', 'O', 'N', 'C', 'N', 'S', 'C', 'C']"
16637,"[[7, 0], [7, 8], [7, 6], [3, 2], [3, 4], [3, 9], [5, 6], [5, 4], [1, 0], [1, 2], [0, 4]]","['N', 'C', 'C', 'C', 'N', 'C', 'C', 'C', 'O', 'O']"
16872,"[[7, 6], [7, 9], [3, 1], [3, 8], [3, 6], [5, 2], [1, 0], [1, 2], [0, 4]]","['C', 'N', 'C', 'N', 'C', 'C', 'N', 'O', 'O', 'C']"
1688,"[[7, 3], [7, 4], [3, 0], [5, 1], [5, 6], [6, 2], [1, 0], [1, 4], [0, 2]]","['C', 'N', 'C', 'N', 'C', 'N', 'C', 'C']"
1703,"[[7, 2], [3, 1], [5, 1], [6, 2], [1, 0], [1, 4], [0, 2]]","['C', 'S', 'C', 'O', 'O', 'O', 'C', 'O']"
171,"[[7, 6], [3, 1], [5, 1], [6, 2], [1, 0], [1, 4], [0, 2]]","['C', 'S', 'C', 'O', 'O', 'O', 'C', 'C']"
1711,"[[7, 8], [7, 4], [7, 9], [3, 0], [5, 2], [6, 2], [1, 0], [1, 4], [0, 2]]","['C', 'C', 'C', 'C', 'S', 'N', 'O', 'C', 'N', 'N']"
17221,"[[3, 4], [3, 2], [5, 0], [5, 6], [1, 0], [1, 2], [0, 4]]","['C', 'N', 'N', 'S', 'C', 'C', 'C']"
1731,"[[7, 2], [3, 1], [5, 1], [8, 6], [6, 2], [1, 0], [1, 4], [0, 2]]","['C', 'S', 'C', 'O', 'O', 'O', 'C', 'O', 'Cl']"
17586,"[[7, 0], [7, 8], [7, 9], [3, 1], [3, 4], [5, 0], [5, 4], [6, 4], [1, 0], [1, 2]]","['C', 'C', 'O', 'O', 'C', 'N', 'C', 'C', 'C', 'C']"
1763,"[[7, 4], [3, 5], [3, 1], [5, 8], [5, 9], [6, 4], [1, 0], [0, 2], [4, 2]]","['S', 'S', 'C', 'C', 'C', 'C', 'O', 'O', 'O', 'O']"
1768,"[[7, 8], [7, 4], [3, 0], [3, 5], [3, 4], [5, 8], [6, 4], [1, 0], [0, 2]]","['N', 'O', 'O', 'C', 'C', 'N', 'S', 'N', 'C']"
18104,"[[3, 4], [3, 2], [5, 4], [1, 0], [1, 2], [0, 4]]","['P', 'C', 'C', 'N', 'C', 'C']"
1828,"[[7, 8], [7, 4], [3, 5], [3, 6], [3, 1], [5, 4], [8, 6], [1, 0], [1, 2], [4, 2]]","['O', 'C', 'O', 'C', 'C', 'O', 'C', 'C', 'C']"
18530,"[[7, 6], [3, 4], [3, 2], [5, 6], [5, 4], [8, 6], [6, 9], [1, 0], [1, 2]]","['N', 'C', 'C', 'C', 'C', 'C', 'S', 'O', 'O', 'O']"
1855,"[[7, 5], [7, 8], [3, 1], [5, 2], [8, 6], [6, 2], [1, 0], [1, 4], [0, 2]]","['C', 'N', 'C', 'C', 'C', 'C', 'C', 'C', 'C']"
1856,"[[7, 5], [3, 1], [5, 8], [5, 2], [8, 9], [6, 2], [6, 9], [1, 0], [1, 4], [0, 2]]","['C', 'N', 'C', 'C', 'C', 'C', 'C', 'O', 'C', 'C']"
1860,"[[7, 3], [7, 8], [3, 0], [5, 1], [5, 9], [8, 4], [6, 2], [6, 9], [1, 0], [1, 4], [0, 2]]","['N', 'N', 'C', 'C', 'C', 'C', 'N', 'N', 'N', 'N']"
1884,"[[3, 5], [3, 1], [5, 6], [6, 4], [1, 0], [1, 2], [4, 2]]","['O', 'S', 'C', 'S', 'C', 'C', 'C']"
18877,"[[7, 6], [3, 4], [3, 2], [5, 6], [5, 4], [8, 6], [1, 0], [1, 2]]","['N', 'C', 'C', 'S', 'C', 'C', 'C', 'O', 'O']"
18881,"[[7, 6], [3, 5], [3, 4], [3, 1], [5, 8], [5, 6], [8, 9], [1, 0], [1, 2]]","['C', 'C', 'O', 'C', 'O', 'N', 'C', 'C', 'C', 'C']"
18930,"[[7, 8], [7, 6], [3, 5], [3, 4], [3, 1], [5, 6], [1, 0], [1, 2]]","['C', 'C', 'O', 'C', 'N', 'N', 'C', 'C', 'C']"
18977,"[[7, 4], [3, 2], [3, 6], [3, 4], [5, 0], [5, 8], [5, 4], [8, 9], [1, 0], [1, 2]]","['O', 'C', 'C', 'C', 'C', 'C', 'O', 'O', 'C', 'C']"
19439,"[[3, 1], [3, 4], [5, 0], [1, 0], [1, 2]]","['C', 'C', 'I', 'C', 'Br', 'C']"
1967,"[[7, 6], [7, 4], [3, 1], [3, 6], [5, 2], [5, 9], [8, 4], [8, 9], [1, 0], [1, 2], [4, 2]]","['N', 'C', 'C', 'N', 'C', 'N', 'N', 'N', 'N', 'C']"
1969,"[[7, 5], [7, 4], [3, 5], [3, 1], [5, 8], [6, 4], [1, 0], [1, 2], [4, 2]]","['Cl', 'B', 'N', 'N', 'B', 'B', 'Cl', 'N', 'Cl']"
1973,"[[7, 8], [7, 4], [3, 1], [5, 8], [5, 2], [6, 4], [1, 0], [0, 2], [4, 2]]","['C', 'C', 'N', 'Cl', 'C', 'N', 'N', 'N', 'N']"
1980,"[[7, 3], [7, 5], [7, 9], [3, 1], [3, 6], [5, 8], [5, 2], [1, 0], [1, 2], [4, 2]]","['O', 'C', 'C', 'N', 'O', 'N', 'C', 'C', 'C', 'O']"
1989,"[[7, 8], [7, 4], [7, 9], [3, 6], [3, 2], [5, 8], [5, 2], [1, 0], [0, 2], [4, 2]]","['C', 'O', 'C', 'C', 'N', 'C', 'O', 'C', 'O', 'O']"
1990,"[[7, 3], [3, 1], [3, 8], [3, 9], [5, 2], [6, 2], [1, 0], [0, 2], [4, 2]]","['C', 'C', 'N', 'S', 'C', 'C', 'C', 'O', 'O', 'O']"
20115,"[[7, 8], [7, 6], [3, 0], [3, 4], [5, 4], [6, 0], [1, 0], [1, 2]]","['C', 'C', 'N', 'N', 'C', 'C', 'N', 'C', 'C']"
2012,"[[7, 6], [3, 0], [5, 2], [8, 6], [6, 4], [1, 0], [1, 4], [0, 2]]","['C', 'N', 'N', 'S', 'N', 'N', 'C', 'N', 'O']"
2027,"[[7, 8], [7, 4], [3, 1], [3, 6], [5, 8], [5, 2], [8, 6], [1, 0], [1, 2], [1, 4]]","['C', 'C', 'C', 'C', 'C', 'O', 'O', 'O', 'P']"
2028,"[[7, 6], [7, 4], [3, 0], [3, 6], [5, 2], [5, 8], [5, 9], [8, 4], [6, 9], [1, 0], [1, 4], [0, 2]]","['C', 'C', 'C', 'O', 'C', 'C', 'P', 'O', 'C', 'O']"
20448,"[[7, 4], [3, 4], [3, 2], [5, 0], [5, 6], [5, 4], [1, 0], [0, 2]]","['C', 'O', 'C', 'C', 'C', 'C', 'O', 'O']"
20452,"[[7, 0], [7, 8], [3, 1], [3, 8], [5, 6], [5, 4], [6, 2], [1, 0], [1, 2], [1, 4], [0, 2]]","['N', 'C', 'N', 'C', 'C', 'C', 'C', 'C', 'C']"
20477,"[[7, 5], [3, 2], [5, 8], [5, 6], [5, 4], [1, 0], [1, 2], [4, 2]]","['O', 'C', 'C', 'O', 'C', 'As', 'O', 'O', 'O']"
2050,"[[7, 5], [7, 6], [3, 1], [3, 6], [5, 2], [8, 6], [1, 0], [1, 2], [4, 2]]","['S', 'C', 'N', 'N', 'C', 'N', 'C', 'C', 'O']"
2051,"[[7, 3], [7, 8], [3, 1], [3, 6], [5, 8], [5, 2], [1, 0], [1, 2], [4, 2]]","['C', 'N', 'C', 'C', 'O', 'C', 'O', 'N', 'N']"
20565,"[[7, 8], [7, 6], [7, 9], [3, 4], [3, 2], [5, 6], [5, 4], [1, 0], [1, 2], [0, 4]]","['O', 'C', 'C', 'C', 'C', 'C', 'C', 'C', 'O', 'C']"
20679,"[[7, 3], [3, 4], [3, 2], [5, 6], [5, 4], [1, 0], [1, 2]]","['N', 'C', 'N', 'C', 'N', 'C', 'O', 'N']"
20687,"[[7, 6], [3, 8], [3, 4], [3, 2], [5, 6], [5, 4], [1, 0], [1, 2]]","['N', 'C', 'N', 'C', 'N', 'C', 'O', 'C', 'N']"
20690,"[[7, 8], [7, 6], [3, 8], [3, 4], [3, 2], [5, 6], [5, 4], [1, 0], [1, 2]]","['N', 'C', 'N', 'C', 'N', 'C', 'O', 'C', 'N']"
20691,"[[7, 4], [3, 2], [3, 6], [3, 4], [5, 4], [1, 0], [1, 2]]","['N', 'C', 'N', 'C', 'N', 'C', 'N', 'C']"
20692,"[[7, 6], [3, 8], [3, 4], [3, 2], [5, 6], [5, 4], [1, 0], [1, 2]]","['N', 'C', 'N', 'C', 'N', 'C', 'C', 'C', 'N']"
20695,"[[7, 6], [3, 8], [3, 4], [3, 2], [5, 6], [5, 4], [1, 0], [1, 2]]","['N', 'C', 'N', 'C', 'N', 'C', 'C', 'O', 'N']"
20696,"[[7, 8], [7, 6], [3, 8], [3, 4], [3, 2], [5, 6], [5, 4], [1, 0], [1, 2], [9, 4]]","['N', 'C', 'N', 'C', 'N', 'C', 'O', 'C', 'N', 'C']"
20697,"[[7, 5], [3, 2], [3, 6], [3, 4], [5, 8], [5, 4], [1, 0], [1, 2]]","['N', 'C', 'N', 'C', 'N', 'C', 'N', 'C', 'C']"
2079,"[[7, 4], [3, 5], [3, 6], [3, 1], [8, 4], [1, 0], [0, 2], [4, 2]]","['N', 'C', 'C', 'C', 'C', 'C', 'N', 'C', 'N']"
2096,"[[3, 5], [3, 1], [5, 4], [6, 4], [1, 0], [1, 2], [4, 2]]","['N', 'C', 'C', 'N', 'C', 'N', 'O']"
2097,"[[7, 5], [7, 4], [3, 5], [3, 1], [6, 4], [1, 0], [1, 2], [4, 2]]","['C', 'C', 'O', 'C', 'S', 'C', 'O', 'O']"
21,"[[7, 6], [3, 1], [5, 1], [8, 6], [6, 2], [1, 0], [1, 4], [0, 2]]","['C', 'S', 'C', 'O', 'O', 'O', 'C', 'C', 'C']"
21019,"[[7, 6], [3, 2], [5, 4], [8, 0], [8, 1], [6, 4], [1, 0], [1, 2], [4, 2]]","['C', 'C', 'C', 'Cl', 'C', 'O', 'O', 'C', 'C']"
21043,"[[7, 8], [7, 6], [3, 2], [5, 4], [8, 9], [6, 4], [1, 0], [1, 4], [1, 2]]","['C', 'N', 'O', 'C', 'C', 'O', 'C', 'C', 'C', 'O']"
21071,"[[7, 0], [3, 4], [3, 2], [5, 6], [5, 4], [8, 6], [8, 9], [6, 0], [1, 0], [1, 2]]","['C', 'C', 'C', 'C', 'C', 'C', 'C', 'O', 'C', 'C']"
213,"[[3, 5], [3, 1], [5, 4], [6, 4], [1, 0], [1, 2], [4, 2]]","['C', 'C', 'C', 'N', 'C', 'N', 'O']"
21331,"[[7, 8], [7, 6], [3, 4], [3, 2], [5, 6], [5, 4], [6, 0], [1, 0], [1, 2], [9, 4]]","['N', 'C', 'C', 'N', 'C', 'C', 'C', 'O', 'C', 'O']"
21332,"[[7, 0], [3, 4], [3, 2], [5, 6], [5, 4], [8, 6], [6, 0], [1, 0], [1, 2], [9, 4]]","['N', 'C', 'C', 'N', 'C', 'C', 'C', 'C', 'C', 'O']"
2143,"[[7, 3], [7, 5], [3, 1], [3, 6], [5, 8], [5, 2], [1, 0], [1, 2], [4, 2]]","['O', 'C', 'N', 'C', 'C', 'C', 'Br', 'S', 'S']"
21733,"[[7, 6], [7, 4], [3, 5], [3, 4], [3, 2], [5, 6], [8, 0], [1, 0], [1, 4], [0, 2]]","['C', 'S', 'S', 'C', 'C', 'C', 'S', 'C', 'S']"
21823,"[[3, 2], [5, 4], [6, 4], [1, 0], [1, 2], [4, 2]]","['C', 'C', 'C', 'S', 'N', 'O', 'C']"
21824,"[[7, 5], [3, 0], [3, 5], [3, 4], [5, 6], [1, 0], [0, 2]]","['C', 'C', 'C', 'C', 'S', 'N', 'O', 'C']"
2195,"[[7, 2], [3, 0], [5, 1], [8, 4], [6, 2], [1, 0], [1, 4], [9, 4], [0, 2]]","['C', 'C', 'C', 'O', 'C', 'O', 'O', 'O', 'O', 'O']"
2198,"[[7, 6], [3, 1], [3, 6], [5, 2], [1, 0], [0, 2], [4, 2]]","['S', 'C', 'C', 'C', 'N', 'N', 'C', 'N']"
2204,"[[7, 3], [7, 8], [3, 1], [3, 6], [5, 8], [5, 2], [8, 9], [1, 0], [1, 2], [4, 2]]","['O', 'N', 'C', 'C', 'C', 'C', 'C', 'C', 'C', 'N']"
22330,"[[7, 6], [3, 1], [3, 6], [3, 4], [5, 4], [1, 0], [1, 2]]","['C', 'C', 'Br', 'N', 'C', 'C', 'C', 'C']"
22368,"[[7, 3], [7, 5], [3, 4], [3, 2], [5, 6], [5, 4], [8, 4], [8, 9], [1, 0], [1, 2], [0, 4]]","['C', 'C', 'C', 'C', 'C', 'C', 'C', 'C', 'C', 'O']"
2243,"[[7, 8], [7, 4], [3, 2], [5, 8], [5, 2], [8, 9], [6, 4], [1, 0], [0, 2], [4, 2]]","['C', 'C', 'C', 'C', 'C', 'C', 'O', 'N', 'C', 'O']"
22444,"[[7, 6], [3, 4], [3, 2], [5, 6], [5, 4], [1, 0], [1, 2]]","['N', 'C', 'C', 'C', 'N', 'C', 'C', 'S']"
22445,"[[0, 1], [1, 2], [3, 2]]","['S', 'C', 'C', 'N']"
22447,"[[3, 5], [3, 4], [3, 2], [6, 2], [1, 0], [1, 2]]","['S', 'C', 'C', 'C', 'O', 'O', 'N']"
2262,"[[7, 3], [7, 6], [3, 1], [3, 6], [5, 4], [5, 2], [8, 4], [6, 9], [1, 0], [0, 2], [4, 2]]","['S', 'S', 'N', 'N', 'C', 'C', 'C', 'C', 'C', 'C']"
22635,"[[7, 4], [3, 4], [3, 2], [5, 2], [6, 2], [1, 0], [1, 2], [0, 4]]","['C', 'N', 'S', 'N', 'C', 'O', 'O', 'O']"
227,"[[7, 5], [3, 5], [3, 2], [5, 8], [8, 6], [6, 4], [6, 9], [1, 0], [0, 2], [4, 2]]","['S', 'C', 'C', 'N', 'N', 'C', 'C', 'N', 'N', 'N']"
2274,"[[7, 5], [3, 5], [3, 2], [5, 8], [8, 6], [8, 9], [6, 4], [1, 0], [0, 2], [4, 2]]","['O', 'C', 'C', 'N', 'C', 'N', 'C', 'O', 'C', 'C']"
22766,"[[7, 6], [7, 4], [3, 5], [3, 4], [3, 2], [5, 6], [1, 0], [1, 2], [0, 4]]","['C', 'C', 'C', 'C', 'C', 'S', 'S', 'S']"
22993,"[[7, 8], [7, 6], [7, 9], [3, 8], [3, 4], [3, 2], [5, 0], [5, 4], [6, 2], [1, 0], [1, 2]]","['C', 'C', 'C', 'C', 'C', 'N', 'N', 'C', 'N', 'C']"
230,"[[7, 5], [7, 8], [3, 1], [5, 2], [8, 6], [6, 2], [1, 0], [1, 4], [0, 2]]","['N', 'C', 'C', 'N', 'N', 'N', 'N', 'N', 'N']"
2324,"[[3, 5], [3, 1], [5, 4], [6, 4], [1, 0], [1, 2], [4, 2]]","['N', 'C', 'N', 'S', 'C', 'S', 'S']"
23247,"[[7, 3], [3, 4], [3, 2], [5, 0], [5, 4], [8, 2], [6, 4], [1, 0], [1, 2], [1, 9]]","['N', 'C', 'C', 'C', 'C', 'C', 'O', 'O', 'O', 'C']"
23492,"[[7, 6], [3, 0], [3, 2], [5, 4], [6, 0], [1, 0], [1, 2], [0, 4]]","['C', 'C', 'O', 'C', 'C', 'Cl', 'C', 'Cl']"
23495,"[[7, 5], [7, 8], [3, 4], [3, 2], [5, 0], [5, 4], [5, 9], [6, 2], [1, 0], [1, 2]]","['C', 'O', 'S', 'O', 'C', 'C', 'O', 'C', 'O', 'C']"
2350,"[[7, 5], [7, 6], [3, 1], [3, 6], [5, 2], [8, 6], [1, 0], [1, 2], [4, 2]]","['N', 'C', 'C', 'N', 'N', 'C', 'C', 'N', 'N']"
23526,"[[7, 6], [3, 4], [3, 2], [5, 0], [5, 4], [8, 4], [8, 9], [6, 2], [1, 0], [1, 2]]","['O', 'C', 'C', 'S', 'C', 'C', 'C', 'S', 'C', 'S']"
23527,"[[7, 1], [7, 6], [3, 2], [5, 4], [8, 0], [8, 1], [6, 0], [1, 4], [0, 2]]","['C', 'C', 'C', 'S', 'C', 'S', 'C', 'C', 'S']"
23539,"[[7, 6], [7, 4], [3, 5], [3, 4], [3, 2], [5, 6], [1, 0], [1, 2], [0, 4]]","['C', 'C', 'S', 'C', 'C', 'S', 'N', 'N']"
23557,"[[7, 5], [7, 8], [3, 4], [3, 2], [5, 1], [5, 6], [1, 0], [1, 2], [0, 4]]","['N', 'C', 'C', 'S', 'N', 'C', 'O', 'O', 'C']"
23611,"[[7, 1], [7, 8], [3, 0], [3, 4], [5, 6], [5, 2], [8, 0], [6, 1], [4, 2]]","['S', 'S', 'S', 'C', 'C', 'C', 'C', 'C', 'C']"
23721,"[[7, 2], [3, 0], [3, 2], [3, 9], [5, 0], [8, 1], [6, 2], [1, 0], [1, 2], [0, 4]]","['C', 'C', 'C', 'C', 'C', 'C', 'C', 'C', 'S', 'O']"
23784,"[[7, 5], [7, 8], [7, 9], [3, 1], [5, 6], [5, 4], [1, 0], [1, 2], [1, 4]]","['F', 'C', 'F', 'F', 'P', 'C', 'F', 'N', 'C', 'C']"
2407,"[[7, 3], [7, 8], [7, 9], [3, 1], [5, 2], [6, 2], [1, 0], [0, 2], [4, 2]]","['C', 'N', 'C', 'N', 'Cl', 'Cl', 'Cl', 'C', 'N', 'N']"
2417,"[[7, 5], [7, 6], [3, 5], [3, 2], [6, 4], [1, 0], [0, 2], [4, 2]]","['N', 'O', 'C', 'C', 'C', 'C', 'C', 'C']"
2418,"[[7, 3], [7, 9], [3, 0], [5, 1], [5, 8], [8, 9], [6, 4], [6, 2], [1, 0], [1, 4], [0, 2]]","['C', 'N', 'N', 'C', 'N', 'C', 'N', 'C', 'C', 'C']"
242,"[[7, 1], [3, 0], [5, 1], [6, 1], [1, 0], [0, 4], [0, 2]]","['C', 'S', 'Br', 'Br', 'Br', 'O', 'O', 'O']"
24418,"[[7, 8], [7, 6], [3, 0], [3, 4], [5, 4], [6, 4], [1, 0], [0, 2]]","['C', 'C', 'C', 'N', 'N', 'O', 'N', 'O', 'C']"
2459,"[[7, 3], [3, 0], [5, 1], [8, 4], [6, 2], [1, 0], [1, 4], [0, 2]]","['N', 'C', 'C', 'C', 'O', 'O', 'O', 'O', 'C']"
2479,"[[7, 5], [3, 0], [5, 1], [6, 2], [1, 0], [0, 4], [0, 2]]","['C', 'C', 'C', 'C', 'O', 'C', 'N', 'C']"
24829,"[[7, 5], [3, 2], [5, 0], [5, 4], [6, 0], [1, 0], [1, 2], [4, 2]]","['C', 'S', 'C', 'O', 'S', 'C', 'C', 'C']"
250,"[[3, 5], [3, 1], [5, 4], [1, 0], [1, 2], [4, 2]]","['N', 'C', 'N', 'S', 'N', 'C']"
251,"[[7, 5], [7, 6], [3, 1], [3, 6], [5, 2], [8, 6], [1, 0], [1, 2], [4, 2]]","['C', 'N', 'C', 'C', 'S', 'S', 'N', 'C', 'C']"
25315,"[[7, 6], [3, 8], [3, 4], [3, 2], [5, 0], [5, 4], [8, 9], [6, 0], [1, 0], [1, 2]]","['C', 'C', 'C', 'C', 'O', 'O', 'O', 'C', 'C', 'O']"
25528,"[[7, 5], [3, 5], [3, 4], [3, 2], [5, 6], [1, 0], [1, 2], [0, 4]]","['C', 'C', 'S', 'C', 'S', 'C', 'O', 'O']"
25529,"[[7, 8], [7, 6], [3, 8], [3, 4], [3, 2], [5, 1], [5, 4], [6, 2], [6, 9], [1, 0], [0, 2]]","['C', 'C', 'C', 'C', 'C', 'C', 'N', 'N', 'N', 'N']"
257,"[[7, 5], [7, 8], [7, 6], [3, 5], [3, 2], [8, 9], [6, 4], [1, 0], [0, 2], [4, 2]]","['N', 'O', 'C', 'C', 'C', 'C', 'C', 'C', 'N', 'O']"
25737,"[[7, 1], [7, 8], [7, 9], [3, 4], [3, 2], [5, 0], [5, 4], [6, 2], [1, 0], [1, 2]]","['C', 'C', 'C', 'C', 'C', 'C', 'O', 'C', 'I', 'Br']"
25923,"[[7, 6], [7, 2], [3, 4], [3, 2], [5, 8], [5, 6], [5, 4], [1, 0], [1, 2], [0, 4]]","['C', 'C', 'C', 'C', 'C', 'C', 'C', 'C', 'O']"
25924,"[[7, 6], [7, 2], [3, 4], [3, 2], [5, 8], [5, 6], [5, 4], [1, 0], [1, 2], [0, 4]]","['C', 'C', 'C', 'C', 'C', 'C', 'C', 'C', 'O']"
25931,"[[7, 8], [7, 2], [3, 4], [3, 2], [5, 0], [8, 6], [6, 4], [1, 0], [1, 2], [0, 4]]","['C', 'O', 'C', 'C', 'C', 'O', 'C', 'C', 'C']"
25934,"[[7, 6], [3, 1], [3, 4], [5, 6], [5, 9], [8, 4], [8, 9], [1, 0], [1, 2]]","['C', 'C', 'C', 'O', 'C', 'C', 'O', 'C', 'O', 'C']"
260,"[[3, 0], [5, 1], [6, 1], [1, 0], [0, 4], [0, 2]]","['S', 'C', 'O', 'O', 'O', 'C', 'C']"
2629,"[[7, 5], [7, 4], [3, 5], [3, 1], [5, 8], [6, 4], [1, 0], [1, 2], [4, 2]]","['Cl', 'C', 'N', 'N', 'C', 'C', 'Cl', 'N', 'N']"
26304,"[[7, 3], [3, 4], [3, 2], [5, 0], [5, 8], [5, 4], [6, 2], [1, 0], [1, 2], [1, 9]]","['C', 'C', 'C', 'C', 'C', 'C', 'O', 'Cl', 'Cl', 'N']"
2631,"[[7, 5], [7, 6], [3, 5], [3, 1], [6, 4], [1, 0], [1, 2], [1, 4]]","['O', 'S', 'O', 'C', 'O', 'C', 'C', 'C']"
26332,"[[7, 6], [3, 1], [3, 4], [5, 8], [5, 6], [5, 4], [8, 9], [1, 0], [1, 2]]","['N', 'C', 'S', 'N', 'C', 'C', 'C', 'N', 'C', 'N']"
2644,"[[7, 8], [7, 4], [3, 6], [3, 2], [5, 8], [5, 2], [1, 0], [0, 2], [4, 2]]","['C', 'O', 'C', 'C', 'C', 'C', 'O', 'S', 'S']"
265,"[[7, 5], [7, 6], [3, 1], [3, 6], [5, 2], [8, 6], [1, 0], [1, 2], [4, 2]]","['O', 'C', 'C', 'N', 'S', 'C', 'C', 'N', 'O']"
2687,"[[7, 3], [3, 1], [3, 6], [5, 2], [1, 0], [0, 2], [4, 2]]","['N', 'N', 'C', 'C', 'O', 'O', 'O', 'O']"
2692,"[[7, 3], [7, 8], [3, 0], [3, 8], [5, 6], [5, 2], [6, 2], [1, 0], [1, 4], [0, 2]]","['C', 'N', 'C', 'C', 'O', 'C', 'C', 'C', 'C']"
2693,"[[7, 5], [7, 6], [3, 5], [3, 1], [6, 4], [1, 0], [1, 2], [1, 4]]","['C', 'N', 'O', 'C', 'C', 'C', 'C', 'O']"
2714,"[[7, 5], [3, 5], [3, 2], [5, 8], [8, 6], [8, 9], [6, 4], [1, 0], [0, 2], [4, 2]]","['O', 'C', 'C', 'N', 'C', 'N', 'C', 'C', 'C', 'O']"
2727,"[[7, 5], [7, 6], [3, 2], [5, 2], [8, 6], [6, 4], [1, 0], [0, 2], [4, 2]]","['C', 'O', 'C', 'C', 'N', 'C', 'C', 'O', 'C']"
2729,"[[7, 3], [7, 8], [7, 9], [3, 1], [5, 2], [6, 2], [1, 0], [0, 2], [4, 2]]","['C', 'N', 'C', 'N', 'F', 'F', 'F', 'C', 'N', 'S']"
27320,"[[7, 1], [3, 5], [3, 4], [3, 2], [6, 0], [1, 0], [1, 2], [0, 2]]","['C', 'C', 'C', 'N', 'O', 'O', 'C', 'C']"
2738,"[[3, 5], [3, 1], [5, 4], [6, 4], [1, 0], [1, 2], [4, 2]]","['Cl', 'C', 'O', 'C', 'C', 'O', 'O']"
2745,"[[7, 5], [3, 5], [3, 1], [5, 6], [6, 4], [1, 0], [1, 2], [1, 4]]","['C', 'C', 'C', 'N', 'C', 'C', 'S', 'S']"
27860,"[[7, 6], [3, 2], [5, 6], [5, 4], [8, 0], [1, 0], [1, 2], [4, 2]]","['N', 'C', 'C', 'O', 'O', 'C', 'C', 'C', 'N']"
27892,"[[7, 6], [7, 9], [3, 4], [3, 2], [5, 0], [5, 4], [8, 6], [8, 9], [6, 4], [1, 0], [1, 2]]","['C', 'C', 'C', 'C', 'N', 'C', 'C', 'S', 'S', 'Ru']"
2802,"[[7, 6], [3, 5], [3, 1], [5, 6], [6, 4], [1, 0], [1, 2], [4, 2]]","['Cl', 'C', 'N', 'S', 'S', 'N', 'C', 'Cl']"
28148,"[[7, 6], [3, 1], [3, 4], [5, 4], [8, 6], [6, 0], [6, 4], [1, 0], [1, 2]]","['N', 'C', 'C', 'C', 'N', 'O', 'C', 'C', 'C']"
28162,"[[7, 0], [3, 2], [5, 6], [5, 2], [8, 6], [6, 0], [6, 9], [1, 0], [1, 2], [4, 2]]","['N', 'C', 'C', 'C', 'C', 'N', 'C', 'O', 'C', 'C']"
2821,"[[7, 8], [7, 4], [3, 5], [3, 6], [3, 1], [1, 0], [0, 2], [4, 2]]","['C', 'S', 'C', 'C', 'C', 'N', 'N', 'O', 'N']"
28328,"[[7, 6], [3, 2], [5, 6], [5, 4], [8, 6], [8, 9], [1, 0], [1, 2], [0, 2], [4, 2]]","['C', 'C', 'N', 'O', 'C', 'C', 'C', 'O', 'O', 'C']"
28367,"[[7, 8], [7, 6], [7, 9], [3, 0], [5, 6], [6, 4], [1, 0], [0, 4], [0, 2]]","['Pb', 'C', 'C', 'C', 'O', 'O', 'C', 'C', 'C', 'O']"
28388,"[[7, 5], [3, 1], [5, 8], [5, 6], [5, 4], [1, 0], [1, 2], [1, 4]]","['C', 'S', 'O', 'O', 'C', 'S', 'O', 'O', 'C']"
28430,"[[7, 6], [3, 1], [3, 4], [5, 6], [5, 4], [8, 6], [1, 0], [1, 2]]","['C', 'C', 'Br', 'C', 'N', 'C', 'C', 'Br', 'C']"
28436,"[[7, 8], [3, 4], [3, 2], [5, 1], [5, 6], [5, 4], [8, 6], [1, 0], [1, 2]]","['C', 'N', 'C', 'C', 'C', 'C', 'N', 'N', 'C']"
28512,"[[7, 2], [3, 5], [3, 4], [3, 2], [5, 6], [8, 1], [8, 9], [1, 0], [1, 2], [0, 4]]","['N', 'C', 'C', 'C', 'C', 'C', 'O', 'N', 'C', 'O']"
28556,"[[7, 3], [7, 8], [3, 0], [3, 6], [5, 6], [5, 4], [1, 0], [0, 4], [0, 2]]","['S', 'O', 'O', 'N', 'C', 'C', 'C', 'N', 'O']"
28571,"[[7, 8], [7, 6], [7, 9], [3, 4], [3, 2], [5, 1], [5, 4], [6, 0], [1, 0], [1, 2]]","['N', 'C', 'N', 'N', 'N', 'N', 'C', 'N', 'C', 'C']"
28587,"[[7, 6], [3, 2], [5, 6], [5, 4], [1, 0], [1, 2], [4, 2]]","['Cl', 'C', 'C', 'Cl', 'C', 'N', 'C', 'S']"
28596,"[[7, 8], [7, 6], [7, 9], [3, 5], [3, 4], [3, 2], [5, 8], [5, 6], [1, 0], [1, 2], [0, 4]]","['C', 'C', 'O', 'C', 'N', 'N', 'C', 'C', 'C', 'C']"
2865,"[[7, 2], [3, 1], [5, 1], [6, 2], [1, 0], [1, 4], [0, 2]]","['N', 'S', 'C', 'N', 'O', 'O', 'N', 'N']"
2869,"[[7, 6], [3, 1], [5, 1], [6, 2], [1, 0], [1, 4], [0, 2]]","['C', 'S', 'C', 'O', 'O', 'O', 'C', 'N']"
29,"[[7, 3], [7, 8], [3, 0], [5, 1], [5, 8], [6, 4], [6, 2], [1, 0], [1, 4], [0, 2]]","['C', 'C', 'N', 'C', 'N', 'C', 'S', 'C', 'C']"
2906,"[[7, 3], [7, 8], [3, 1], [3, 6], [5, 8], [5, 2], [1, 0], [1, 2], [4, 2]]","['S', 'C', 'C', 'C', 'N', 'C', 'S', 'N', 'N']"
29472,"[[7, 0], [3, 1], [5, 0], [6, 0], [1, 0], [1, 2], [1, 4]]","['P', 'P', 'C', 'S', 'C', 'S', 'C', 'C']"
29522,"[[7, 5], [7, 8], [3, 4], [3, 2], [5, 6], [5, 2], [8, 9], [1, 0], [1, 2], [0, 2]]","['C', 'C', 'C', 'C', 'N', 'C', 'O', 'O', 'C', 'C']"
2964,"[[7, 5], [7, 8], [3, 5], [3, 1], [5, 4], [8, 6], [6, 4], [1, 0], [1, 2], [4, 2]]","['N', 'C', 'S', 'N', 'C', 'N', 'N', 'C', 'N']"
29789,"[[7, 3], [3, 4], [3, 2], [5, 8], [5, 6], [5, 4], [6, 1], [1, 0], [1, 2], [9, 0]]","['S', 'C', 'C', 'C', 'N', 'C', 'N', 'O', 'O', 'C']"
29815,"[[7, 2], [3, 0], [3, 8], [3, 4], [5, 1], [5, 6], [8, 2], [1, 4], [1, 2]]","['S', 'C', 'C', 'C', 'N', 'C', 'N', 'N', 'N']"
30002,"[[7, 3], [3, 4], [3, 2], [5, 0], [5, 4], [8, 4], [8, 9], [6, 1], [1, 0], [1, 2]]","['N', 'C', 'N', 'C', 'C', 'C', 'O', 'O', 'C', 'Cl']"
30013,"[[7, 3], [3, 4], [3, 2], [5, 0], [5, 4], [8, 4], [8, 9], [6, 1], [1, 0], [1, 2]]","['N', 'C', 'N', 'C', 'C', 'C', 'O', 'O', 'C', 'N']"
30026,"[[7, 3], [3, 4], [3, 2], [5, 0], [5, 4], [8, 4], [8, 9], [6, 1], [1, 0], [1, 2]]","['N', 'C', 'N', 'C', 'C', 'C', 'O', 'O', 'N', 'N']"
301,"[[7, 8], [7, 4], [3, 5], [3, 6], [3, 2], [8, 6], [8, 9], [1, 0], [0, 2], [4, 2]]","['N', 'O', 'C', 'C', 'C', 'O', 'C', 'C', 'C', 'O']"
30298,"[[7, 6], [3, 0], [3, 2], [5, 4], [8, 6], [6, 1], [1, 0], [1, 2], [0, 4]]","['C', 'C', 'N', 'C', 'C', 'C', 'C', 'O', 'O']"
3036,"[[7, 3], [3, 0], [5, 2], [8, 4], [6, 2], [1, 0], [1, 4], [9, 4], [0, 2]]","['C', 'C', 'C', 'C', 'C', 'O', 'O', 'N', 'C', 'C']"
3053,"[[7, 2], [3, 0], [5, 1], [8, 2], [6, 1], [1, 0], [1, 4], [0, 2]]","['C', 'C', 'C', 'N', 'C', 'C', 'S', 'O', 'O']"
3056,"[[7, 4], [3, 5], [3, 6], [3, 2], [8, 6], [8, 4], [1, 0], [0, 2], [4, 2]]","['C', 'C', 'N', 'C', 'C', 'O', 'C', 'S', 'S']"
30615,"[[7, 6], [3, 4], [3, 2], [5, 0], [5, 6], [5, 4], [8, 6], [6, 9], [1, 0], [1, 2]]","['C', 'C', 'C', 'C', 'C', 'C', 'Sb', 'O', 'O', 'O']"
3063,"[[7, 2], [3, 0], [5, 1], [8, 2], [6, 1], [1, 0], [0, 4], [0, 2]]","['C', 'C', 'C', 'C', 'F', 'N', 'O', 'N', 'O']"
307,"[[7, 3], [7, 9], [3, 0], [5, 1], [5, 8], [8, 9], [6, 4], [6, 2], [1, 0], [1, 4], [0, 2]]","['C', 'N', 'N', 'C', 'N', 'C', 'N', 'C', 'C', 'C']"
30808,"[[7, 8], [7, 6], [3, 2], [5, 2], [8, 9], [6, 0], [1, 0], [0, 2], [4, 2]]","['C', 'N', 'P', 'O', 'C', 'O', 'C', 'C', 'S', 'C']"
3082,"[[7, 3], [7, 8], [3, 5], [3, 6], [3, 1], [8, 4], [8, 9], [1, 0], [1, 2], [1, 4]]","['C', 'C', 'C', 'S', 'C', 'O', 'O', 'O', 'C', 'C']"
30972,"[[7, 3], [3, 0], [3, 6], [3, 2], [5, 0], [8, 2], [1, 0], [1, 2], [1, 9], [0, 4]]","['C', 'N', 'N', 'C', 'Br', 'C', 'C', 'C', 'O', 'O']"
3107,"[[7, 6], [7, 4], [3, 1], [3, 6], [5, 2], [5, 9], [8, 4], [8, 9], [1, 0], [1, 2], [4, 2]]","['Cl', 'C', 'C', 'C', 'C', 'N', 'N', 'N', 'N', 'C']"
3109,"[[7, 4], [7, 9], [3, 5], [3, 1], [5, 6], [8, 6], [8, 9], [6, 4], [1, 0], [1, 2], [4, 2]]","['N', 'C', 'C', 'C', 'C', 'N', 'N', 'N', 'C', 'N']"
31109,"[[7, 1], [7, 4], [3, 4], [3, 2], [5, 6], [5, 4], [8, 6], [6, 0], [1, 0], [1, 2]]","['C', 'C', 'C', 'C', 'C', 'C', 'C', 'S', 'O']"
31110,"[[7, 1], [7, 4], [3, 4], [3, 2], [5, 6], [5, 4], [8, 6], [6, 0], [1, 0], [1, 2]]","['C', 'C', 'C', 'C', 'C', 'C', 'C', 'S', 'O']"
31111,"[[7, 1], [7, 4], [3, 4], [3, 2], [5, 6], [5, 4], [8, 6], [6, 0], [1, 0], [1, 2]]","['C', 'C', 'C', 'C', 'C', 'C', 'C', 'S', 'O']"
31136,"[[7, 6], [3, 2], [5, 4], [8, 0], [8, 9], [6, 4], [1, 0], [1, 4], [1, 2]]","['N', 'C', 'C', 'N', 'C', 'N', 'C', 'N', 'C', 'N']"
3140,"[[7, 8], [7, 4], [7, 9], [3, 5], [3, 6], [3, 2], [5, 8], [6, 9], [1, 0], [0, 2], [4, 2]]","['N', 'O', 'C', 'C', 'C', 'C', 'C', 'N', 'C', 'C']"
31568,"[[7, 0], [7, 8], [3, 2], [5, 0], [5, 6], [1, 0], [0, 2], [4, 2]]","['P', 'O', 'C', 'Cl', 'Cl', 'C', 'C', 'C', 'C']"
31573,"[[7, 6], [3, 2], [5, 4], [6, 0], [1, 0], [0, 2], [0, 4]]","['P', 'S', 'C', 'C', 'C', 'C', 'C', 'Cl']"
3181,"[[7, 6], [3, 1], [5, 1], [6, 2], [1, 0], [1, 4], [0, 2]]","['C', 'S', 'C', 'O', 'O', 'O', 'C', 'O']"
31897,"[[7, 4], [7, 6], [7, 9], [3, 4], [3, 2], [5, 0], [5, 6], [8, 2], [1, 0], [1, 2], [0, 4]]","['C', 'S', 'C', 'N', 'N', 'N', 'N', 'C', 'Cl', 'C']"
32303,"[[7, 6], [7, 9], [3, 8], [3, 4], [3, 2], [5, 0], [8, 9], [6, 2], [1, 0], [1, 2], [0, 4]]","['C', 'S', 'C', 'C', 'S', 'S', 'S', 'C', 'S', 'C']"
3265,"[[7, 8], [7, 2], [3, 0], [3, 8], [5, 1], [5, 6], [8, 4], [6, 2], [6, 9], [1, 0], [1, 4], [9, 4], [0, 2]]","['C', 'C', 'C', 'C', 'C', 'C', 'C', 'C', 'S', 'C']"
32861,"[[7, 1], [7, 8], [3, 0], [3, 5], [3, 4], [5, 2], [6, 0], [1, 0], [1, 2]]","['N', 'C', 'N', 'C', 'O', 'N', 'N', 'C', 'C']"
32866,"[[7, 6], [3, 0], [3, 5], [3, 4], [5, 2], [8, 1], [6, 0], [1, 0], [1, 2]]","['N', 'C', 'N', 'C', 'O', 'N', 'N', 'C', 'C']"
32872,"[[7, 6], [3, 0], [3, 6], [3, 4], [5, 4], [5, 2], [8, 2], [8, 9], [1, 0], [1, 2]]","['N', 'N', 'C', 'C', 'N', 'N', 'S', 'C', 'S', 'C']"
32876,"[[7, 3], [3, 5], [3, 1], [6, 2], [1, 0], [0, 2], [4, 2]]","['N', 'N', 'C', 'C', 'O', 'O', 'N', 'N']"
3310,"[[7, 4], [3, 5], [3, 6], [3, 2], [5, 9], [8, 6], [8, 4], [1, 0], [0, 2], [4, 2]]","['C', 'N', 'C', 'C', 'C', 'C', 'N', 'N', 'O', 'C']"
33168,"[[7, 6], [7, 9], [3, 2], [3, 4], [3, 9], [5, 0], [5, 4], [8, 0], [6, 2], [1, 0], [1, 2]]","['C', 'N', 'C', 'C', 'C', 'N', 'N', 'N', 'S', 'N']"
334,"[[7, 3], [3, 0], [5, 1], [6, 2], [1, 0], [0, 4], [0, 2]]","['C', 'C', 'C', 'C', 'N', 'O', 'O', 'O']"
3343,"[[3, 1], [5, 1], [6, 2], [1, 0], [1, 4], [0, 2]]","['C', 'S', 'C', 'O', 'O', 'O', 'C']"
3362,"[[7, 5], [7, 6], [3, 1], [5, 2], [8, 6], [6, 4], [1, 0], [0, 2], [4, 2]]","['O', 'C', 'C', 'C', 'O', 'N', 'C', 'N', 'C']"
33688,"[[7, 6], [3, 4], [3, 2], [5, 1], [8, 6], [8, 9], [6, 4], [1, 0], [1, 2], [0, 4]]","['N', 'C', 'O', 'C', 'C', 'O', 'C', 'O', 'O', 'C']"
33689,"[[7, 6], [3, 4], [3, 2], [5, 1], [8, 6], [8, 9], [6, 4], [1, 0], [1, 2], [0, 4]]","['N', 'C', 'O', 'C', 'C', 'O', 'C', 'O', 'O', 'C']"
3391,"[[7, 8], [7, 4], [7, 9], [3, 2], [5, 6], [5, 4], [1, 0], [1, 2], [9, 0], [4, 2]]","['C', 'N', 'C', 'N', 'C', 'N', 'O', 'C', 'N', 'N']"
34144,"[[7, 6], [3, 2], [5, 2], [8, 6], [6, 0], [6, 9], [1, 0], [1, 2], [4, 2]]","['S', 'S', 'C', 'C', 'C', 'C', 'C', 'C', 'C', 'C']"
34215,"[[7, 2], [3, 4], [3, 2], [5, 1], [5, 6], [8, 0], [1, 0], [1, 2], [0, 4]]","['C', 'C', 'C', 'N', 'N', 'N', 'O', 'C', 'C']"
34216,"[[7, 8], [7, 2], [3, 4], [3, 2], [5, 0], [5, 4], [5, 9], [6, 4], [1, 0], [1, 2]]","['C', 'C', 'C', 'C', 'C', 'C', 'Cl', 'N', 'O', 'O']"
34221,"[[7, 6], [3, 4], [3, 2], [5, 0], [5, 8], [5, 4], [6, 4], [1, 0], [1, 2]]","['C', 'C', 'C', 'C', 'C', 'C', 'N', 'O', 'C']"
34222,"[[7, 3], [3, 4], [3, 2], [5, 0], [5, 6], [5, 4], [8, 2], [8, 9], [1, 0], [1, 2]]","['C', 'C', 'C', 'C', 'C', 'C', 'O', 'C', 'N', 'O']"
34223,"[[7, 6], [3, 4], [3, 2], [5, 0], [5, 6], [5, 4], [8, 2], [8, 9], [1, 0], [1, 2]]","['C', 'C', 'C', 'C', 'C', 'C', 'N', 'C', 'N', 'O']"
34264,"[[7, 6], [3, 4], [3, 2], [5, 0], [5, 8], [5, 4], [6, 2], [1, 0], [1, 2], [9, 4]]","['C', 'C', 'C', 'C', 'C', 'C', 'N', 'O', 'O', 'C']"
3440,"[[7, 2], [3, 0], [5, 1], [6, 2], [1, 0], [1, 4], [0, 2]]","['C', 'C', 'C', 'F', 'N', 'O', 'N', 'O']"
3441,"[[7, 2], [3, 0], [5, 1], [8, 2], [6, 1], [1, 0], [0, 4], [0, 2]]","['C', 'C', 'C', 'F', 'F', 'N', 'O', 'N', 'O']"
34412,"[[7, 4], [3, 2], [3, 8], [3, 9], [5, 4], [6, 4], [1, 0], [1, 2], [0, 2], [4, 2]]","['C', 'C', 'C', 'C', 'N', 'C', 'C', 'C', 'O', 'O']"
346,"[[3, 5], [3, 1], [5, 4], [6, 4], [1, 0], [1, 2], [4, 2]]","['O', 'C', 'N', 'C', 'C', 'S', 'O']"
34632,"[[7, 5], [7, 8], [3, 0], [3, 6], [3, 4], [5, 0], [6, 2], [1, 0], [1, 2], [1, 9]]","['N', 'C', 'N', 'C', 'O', 'N', 'N', 'C', 'C', 'C']"
347,"[[3, 5], [3, 1], [5, 4], [1, 0], [1, 2], [4, 2]]","['S', 'C', 'S', 'S', 'C', 'C']"
34728,"[[7, 6], [3, 5], [3, 4], [3, 2], [5, 6], [8, 6], [8, 9], [1, 0], [1, 2], [0, 4]]","['C', 'N', 'N', 'N', 'C', 'C', 'C', 'O', 'N', 'N']"
3487,"[[3, 5], [3, 1], [5, 4], [1, 0], [1, 2], [4, 2]]","['O', 'C', 'C', 'N', 'C', 'S']"
34873,"[[7, 8], [7, 2], [3, 2], [3, 9], [5, 6], [5, 4], [6, 2], [1, 0], [1, 4], [1, 2], [9, 0]]","['C', 'C', 'C', 'C', 'C', 'N', 'N', 'C', 'N', 'N']"
34876,"[[7, 6], [3, 0], [3, 1], [5, 0], [5, 2], [6, 2], [1, 2], [0, 4]]","['C', 'N', 'C', 'N', 'O', 'N', 'C', 'C']"
34936,"[[7, 0], [7, 8], [7, 6], [7, 9], [3, 4], [3, 2], [5, 6], [5, 4], [8, 4], [1, 0], [1, 2]]","['C', 'C', 'C', 'C', 'C', 'C', 'C', 'C', 'O', 'O']"
35057,"[[7, 4], [3, 0], [5, 4], [8, 1], [6, 4], [1, 0], [1, 2], [0, 4]]","['B', 'C', 'O', 'Br', 'N', 'C', 'C', 'C', 'O']"
35215,"[[7, 8], [7, 6], [3, 4], [3, 2], [5, 6], [5, 4], [1, 0], [1, 2], [9, 2], [0, 4]]","['N', 'C', 'N', 'C', 'C', 'C', 'C', 'C', 'N', 'C']"
35269,"[[7, 3], [7, 8], [3, 4], [3, 2], [5, 0], [5, 4], [6, 4], [1, 0], [1, 2], [1, 9]]","['C', 'C', 'C', 'C', 'C', 'C', 'Br', 'C', 'O', 'O']"
35317,"[[7, 2], [3, 4], [3, 2], [5, 4], [8, 0], [6, 0], [6, 4], [1, 0], [1, 2]]","['C', 'N', 'C', 'C', 'C', 'O', 'N', 'N', 'N']"
35329,"[[7, 5], [3, 2], [3, 6], [3, 4], [5, 0], [5, 4], [8, 1], [1, 0], [1, 2]]","['N', 'C', 'N', 'C', 'N', 'C', 'Cl', 'N', 'N']"
35330,"[[7, 2], [3, 4], [3, 2], [5, 0], [8, 0], [8, 4], [6, 4], [1, 0], [1, 2]]","['C', 'N', 'C', 'C', 'C', 'S', 'N', 'N', 'N']"
35341,"[[7, 1], [7, 8], [3, 0], [3, 5], [3, 4], [6, 0], [1, 0], [1, 2], [4, 2]]","['N', 'C', 'N', 'C', 'N', 'O', 'O', 'C', 'C']"
35383,"[[7, 1], [7, 8], [7, 9], [3, 4], [3, 2], [5, 2], [6, 4], [1, 0], [1, 2], [0, 4]]","['N', 'N', 'C', 'C', 'C', 'O', 'N', 'C', 'O', 'C']"
3576,"[[7, 4], [7, 8], [7, 6], [7, 9], [3, 5], [3, 6], [3, 2], [1, 0], [0, 2], [4, 2]]","['S', 'C', 'C', 'C', 'O', 'O', 'O', 'C', 'C', 'C']"
3595,"[[7, 5], [7, 6], [3, 5], [3, 1], [6, 4], [1, 0], [1, 2], [1, 4]]","['C', 'Si', 'C', 'C', 'C', 'C', 'S', 'C']"
36114,"[[7, 6], [3, 4], [3, 2], [5, 0], [5, 2], [6, 0], [1, 0]]","['C', 'O', 'C', 'C', 'Cl', 'N', 'N', 'O']"
36116,"[[7, 0], [3, 6], [3, 4], [5, 4], [8, 0], [6, 1], [1, 0], [1, 2]]","['N', 'C', 'O', 'C', 'C', 'Cl', 'N', 'N', 'C']"
36306,"[[7, 6], [3, 8], [3, 4], [3, 2], [5, 6], [5, 2], [1, 0], [1, 2], [0, 4]]","['C', 'O', 'C', 'N', 'C', 'C', 'O', 'C', 'C']"
36522,"[[7, 8], [7, 6], [3, 2], [3, 6], [3, 4], [5, 0], [5, 4], [8, 4], [6, 9], [1, 0], [1, 2]]","['C', 'C', 'C', 'C', 'C', 'C', 'C', 'N', 'O', 'O']"
36598,"[[7, 6], [3, 8], [3, 6], [3, 2], [5, 1], [8, 9], [6, 4], [1, 0], [1, 2], [0, 4]]","['C', 'C', 'N', 'C', 'N', 'O', 'N', 'C', 'S', 'C']"
36649,"[[7, 5], [7, 6], [3, 1], [3, 8], [3, 4], [5, 4], [5, 2], [6, 0], [0, 4]]","['N', 'O', 'Cl', 'C', 'C', 'C', 'N', 'N', 'O']"
36652,"[[7, 5], [3, 8], [3, 4], [3, 2], [5, 1], [5, 4], [8, 9], [6, 0], [6, 1], [0, 4]]","['N', 'S', 'S', 'C', 'C', 'C', 'N', 'N', 'N', 'C']"
36658,"[[7, 8], [7, 4], [3, 0], [3, 4], [3, 2], [5, 0], [5, 6], [6, 4], [1, 2], [9, 2]]","['N', 'S', 'C', 'C', 'C', 'C', 'N', 'S', 'C', 'N']"
3666,"[[7, 3], [7, 8], [7, 6], [3, 1], [5, 4], [5, 2], [6, 2], [1, 0], [1, 2], [4, 2]]","['O', 'C', 'C', 'N', 'C', 'C', 'N', 'C', 'O']"
37,"[[7, 6], [7, 4], [3, 1], [3, 6], [5, 2], [5, 9], [8, 4], [8, 9], [1, 0], [1, 2], [4, 2]]","['S', 'C', 'C', 'N', 'C', 'N', 'C', 'N', 'N', 'C']"
37146,"[[7, 8], [7, 2], [3, 4], [3, 2], [5, 6], [5, 4], [1, 0], [1, 2], [1, 9], [0, 4]]","['O', 'C', 'C', 'N', 'C', 'C', 'C', 'C', 'N', 'N']"
3718,"[[7, 3], [7, 8], [3, 0], [5, 1], [5, 8], [6, 4], [6, 2], [1, 0], [1, 4], [0, 2]]","['C', 'C', 'C', 'C', 'N', 'C', 'O', 'C', 'C']"
37506,"[[7, 6], [3, 5], [3, 4], [3, 2], [8, 0], [6, 4], [1, 0], [1, 2], [1, 9], [0, 4]]","['C', 'C', 'O', 'C', 'C', 'N', 'C', 'N', 'C', 'C']"
3753,"[[7, 3], [7, 8], [3, 1], [3, 6], [5, 8], [5, 2], [1, 0], [1, 2], [4, 2]]","['N', 'C', 'C', 'N', 'C', 'C', 'N', 'C', 'C']"
3759,"[[7, 5], [7, 8], [3, 5], [3, 1], [5, 4], [8, 6], [6, 4], [1, 0], [1, 2], [4, 2]]","['C', 'C', 'S', 'N', 'C', 'N', 'N', 'C', 'N']"
376,"[[7, 1], [3, 0], [5, 1], [6, 1], [1, 0], [0, 4], [0, 2]]","['C', 'S', 'C', 'C', 'O', 'O', 'O', 'O']"
3760,"[[7, 8], [7, 4], [3, 1], [3, 6], [5, 8], [5, 2], [6, 4], [1, 0], [1, 2], [4, 2]]","['C', 'C', 'N', 'N', 'C', 'N', 'N', 'S', 'C']"
3761,"[[7, 8], [7, 4], [3, 1], [3, 6], [5, 8], [5, 2], [6, 4], [1, 0], [1, 2], [4, 2]]","['S', 'C', 'N', 'N', 'C', 'N', 'N', 'S', 'C']"
37658,"[[7, 1], [3, 1], [3, 4], [5, 0], [6, 0], [1, 0], [0, 2], [4, 2]]","['C', 'C', 'S', 'N', 'S', 'Cl', 'Cl', 'Cl']"
377,"[[7, 5], [7, 9], [3, 1], [5, 2], [8, 6], [8, 9], [6, 2], [1, 0], [1, 4], [0, 2]]","['N', 'C', 'C', 'C', 'O', 'C', 'C', 'C', 'C', 'C']"
37745,"[[7, 2], [3, 0], [3, 4], [3, 2], [5, 0], [5, 6], [8, 4], [6, 4], [1, 2]]","['N', 'O', 'C', 'C', 'C', 'N', 'N', 'O', 'S']"
3776,"[[7, 8], [7, 6], [7, 4], [3, 5], [3, 6], [3, 1], [1, 0], [1, 2], [1, 4]]","['C', 'C', 'C', 'C', 'N', 'O', 'N', 'C', 'S']"
3777,"[[7, 4], [3, 0], [3, 6], [5, 8], [5, 2], [6, 9], [1, 0], [1, 4], [0, 2]]","['N', 'C', 'C', 'C', 'C', 'C', 'C', 'N', 'N', 'N']"
379,"[[7, 4], [7, 9], [3, 1], [5, 8], [5, 2], [8, 9], [6, 4], [1, 0], [0, 2], [4, 2]]","['C', 'N', 'C', 'O', 'N', 'C', 'C', 'C', 'C', 'C']"
38309,"[[7, 8], [7, 6], [3, 0], [3, 4], [3, 9], [5, 1], [5, 6], [1, 0], [1, 2], [9, 2]]","['C', 'C', 'N', 'C', 'O', 'C', 'C', 'C', 'C', 'N']"
38310,"[[7, 3], [3, 4], [3, 2], [5, 0], [5, 6], [5, 4], [8, 1], [1, 0], [1, 2], [1, 9]]","['O', 'C', 'O', 'C', 'C', 'C', 'O', 'O', 'C', 'C']"
3832,"[[7, 6], [7, 4], [3, 1], [3, 6], [5, 2], [5, 9], [8, 4], [8, 9], [1, 0], [1, 2], [4, 2]]","['O', 'C', 'C', 'N', 'C', 'C', 'C', 'N', 'N', 'N']"
38434,"[[7, 6], [3, 2], [3, 6], [3, 4], [5, 2], [5, 9], [8, 0], [1, 0], [1, 2], [0, 4]]","['C', 'O', 'C', 'C', 'O', 'C', 'C', 'C', 'O', 'O']"
3882,"[[7, 4], [7, 9], [3, 5], [3, 1], [5, 2], [8, 4], [8, 9], [6, 4], [1, 0], [1, 2], [1, 4]]","['O', 'C', 'C', 'C', 'C', 'C', 'O', 'C', 'C', 'C']"
3893,"[[7, 5], [7, 8], [3, 5], [3, 1], [5, 4], [8, 6], [8, 9], [6, 4], [1, 0], [1, 2], [4, 2]]","['Br', 'C', 'C', 'C', 'N', 'N', 'C', 'C', 'C', 'O']"
3894,"[[7, 8], [7, 4], [3, 1], [3, 6], [5, 8], [5, 2], [8, 9], [6, 4], [1, 0], [1, 2], [4, 2]]","['C', 'C', 'N', 'C', 'N', 'C', 'C', 'C', 'C', 'O']"
38963,"[[7, 3], [7, 6], [3, 8], [3, 2], [5, 6], [5, 4], [8, 0], [1, 0], [1, 2], [9, 4], [4, 2]]","['C', 'N', 'C', 'C', 'C', 'N', 'N', 'C', 'N', 'N']"
38969,"[[7, 3], [7, 6], [3, 8], [3, 2], [5, 6], [5, 4], [8, 0], [1, 0], [1, 2], [9, 4], [4, 2]]","['N', 'N', 'C', 'C', 'C', 'N', 'N', 'C', 'N', 'N']"
39,"[[7, 5], [3, 0], [5, 2], [6, 4], [1, 0], [1, 4], [0, 2]]","['N', 'C', 'C', 'C', 'C', 'C', 'Cl', 'Cl']"
39054,"[[7, 1], [3, 4], [3, 2], [5, 6], [5, 2], [1, 0], [1, 2], [0, 4]]","['O', 'C', 'C', 'N', 'C', 'C', 'N', 'N']"
3936,"[[3, 5], [3, 1], [5, 4], [1, 0], [1, 2], [4, 2]]","['Br', 'C', 'C', 'N', 'S', 'N']"
3937,"[[7, 3], [7, 9], [3, 0], [3, 6], [5, 4], [5, 2], [8, 6], [8, 9], [1, 0], [1, 4], [0, 2]]","['C', 'C', 'N', 'C', 'S', 'N', 'C', 'S', 'N', 'N']"
39370,"[[7, 0], [3, 0], [3, 5], [3, 6], [3, 2], [8, 0], [1, 0], [1, 2], [4, 2]]","['C', 'N', 'N', 'C', 'O', 'C', 'C', 'C', 'C']"
39372,"[[7, 0], [3, 0], [3, 8], [3, 4], [3, 2], [5, 1], [6, 2], [1, 0], [1, 2], [9, 0]]","['C', 'N', 'N', 'C', 'C', 'O', 'O', 'C', 'O', 'C']"
39373,"[[7, 1], [3, 0], [3, 2], [3, 9], [5, 0], [8, 2], [6, 1], [1, 0], [1, 2], [0, 4]]","['C', 'C', 'N', 'N', 'C', 'C', 'C', 'C', 'O', 'O']"
3939,"[[7, 5], [7, 6], [3, 1], [3, 6], [5, 2], [8, 6], [1, 0], [1, 2], [4, 2]]","['N', 'C', 'C', 'N', 'F', 'C', 'C', 'N', 'O']"
3944,"[[7, 5], [7, 4], [3, 5], [3, 1], [6, 4], [1, 0], [1, 2], [4, 2]]","['C', 'C', 'O', 'C', 'S', 'C', 'O', 'O']"
3969,"[[7, 8], [7, 4], [7, 9], [3, 5], [3, 6], [3, 2], [8, 6], [1, 0], [0, 2], [4, 2]]","['N', 'O', 'C', 'C', 'C', 'O', 'C', 'C', 'C', 'C']"
39958,"[[7, 6], [3, 5], [3, 2], [5, 6], [8, 6], [6, 4], [1, 0], [1, 4], [0, 2]]","['C', 'C', 'C', 'C', 'O', 'O', 'C', 'C', 'C']"
39961,"[[7, 3], [7, 8], [7, 9], [3, 4], [3, 2], [5, 4], [6, 2], [1, 0], [1, 2], [0, 4]]","['C', 'C', 'C', 'C', 'C', 'O', 'O', 'C', 'C', 'O']"
39968,"[[7, 2], [7, 6], [7, 9], [3, 4], [3, 2], [5, 1], [5, 6], [8, 0], [1, 0], [1, 2], [0, 4]]","['C', 'C', 'C', 'C', 'O', 'C', 'O', 'C', 'O', 'O']"
4,"[[7, 3], [3, 1], [3, 8], [3, 9], [5, 2], [6, 2], [1, 0], [0, 2], [4, 2]]","['C', 'C', 'S', 'S', 'O', 'O', 'O', 'O', 'O', 'O']"
40,"[[0, 3], [0, 1], [0, 2]]","['S', 'C', 'C', 'O']"
40198,"[[7, 8], [7, 6], [3, 2], [3, 6], [3, 4], [5, 0], [5, 4], [5, 9], [8, 4], [1, 0], [1, 2]]","['C', 'C', 'C', 'C', 'C', 'C', 'N', 'N', 'C', 'Cl']"
402,"[[7, 5], [3, 0], [5, 2], [6, 4], [1, 0], [1, 4], [0, 2]]","['C', 'N', 'N', 'N', 'C', 'C', 'N', 'N']"
40403,"[[7, 2], [7, 8], [7, 9], [3, 4], [3, 2], [5, 6], [5, 4], [1, 0], [1, 2], [0, 4]]","['C', 'C', 'N', 'O', 'C', 'O', 'C', 'N', 'C', 'C']"
40757,"[[7, 0], [7, 1], [3, 1], [3, 8], [5, 4], [6, 4], [9, 2], [0, 4], [0, 2]]","['C', 'C', 'C', 'C', 'C', 'O', 'O', 'N', 'C', 'S']"
408,"[[7, 5], [7, 8], [7, 6], [3, 5], [3, 2], [8, 9], [6, 4], [1, 0], [0, 2], [4, 2]]","['C', 'C', 'C', 'C', 'C', 'C', 'N', 'C', 'C', 'C']"
412,"[[7, 2], [3, 1], [5, 1], [8, 2], [6, 2], [1, 0], [1, 4], [0, 2]]","['C', 'S', 'S', 'O', 'O', 'O', 'O', 'O', 'O']"
4141,"[[7, 5], [7, 8], [3, 0], [3, 5], [3, 6], [3, 4], [8, 6], [1, 0], [0, 2]]","['C', 'O', 'O', 'C', 'N', 'C', 'C', 'S', 'S']"
4142,"[[7, 3], [7, 8], [3, 0], [5, 1], [5, 8], [6, 4], [6, 2], [1, 0], [1, 4], [0, 2]]","['C', 'N', 'N', 'C', 'N', 'C', 'N', 'C', 'C']"
41420,"[[7, 1], [7, 2], [3, 4], [3, 2], [5, 6], [5, 4], [6, 0], [1, 0]]","['C', 'C', 'S', 'C', 'C', 'S', 'S', 'S']"
4177,"[[7, 3], [3, 0], [5, 2], [8, 4], [6, 2], [1, 0], [1, 4], [9, 4], [0, 2]]","['C', 'N', 'C', 'C', 'C', 'O', 'O', 'S', 'C', 'O']"
4190,"[[7, 4], [7, 9], [3, 1], [3, 6], [5, 8], [5, 2], [8, 9], [6, 4], [1, 0], [1, 2], [4, 2]]","['S', 'C', 'C', 'S', 'C', 'C', 'S', 'C', 'C', 'C']"
4200,"[[0, 3], [0, 1], [0, 2]]","['C', 'C', 'O', 'O']"
42160,"[[7, 8], [7, 6], [3, 0], [5, 0], [5, 6], [5, 4], [8, 4], [1, 0], [0, 2]]","['Pt', 'Cl', 'N', 'Cl', 'C', 'N', 'C', 'C', 'S']"
42165,"[[7, 8], [7, 6], [3, 0], [5, 6], [5, 4], [8, 4], [6, 0], [1, 0], [0, 2]]","['Pt', 'N', 'Cl', 'Cl', 'S', 'C', 'N', 'C', 'C']"
42363,"[[7, 5], [3, 0], [3, 4], [3, 2], [5, 6], [8, 2], [6, 1], [6, 9], [1, 0], [1, 2]]","['O', 'C', 'C', 'C', 'O', 'C', 'C', 'O', 'C', 'O']"
4241,"[[7, 3], [7, 4], [3, 1], [3, 6], [5, 2], [5, 9], [8, 4], [8, 9], [1, 0], [1, 2], [4, 2]]","['N', 'N', 'C', 'C', 'N', 'N', 'S', 'N', 'C', 'N']"
4249,"[[3, 1], [5, 1], [6, 2], [1, 0], [1, 4], [0, 2]]","['C', 'S', 'C', 'O', 'O', 'O', 'S']"
425,"[[3, 0], [5, 1], [1, 0], [0, 4], [0, 2]]","['S', 'C', 'O', 'O', 'O', 'C']"
4256,"[[7, 6], [7, 4], [3, 5], [3, 6], [3, 2], [1, 0], [0, 2], [4, 2]]","['C', 'C', 'N', 'C', 'C', 'O', 'C', 'C']"
428,"[[7, 5], [7, 8], [7, 6], [7, 9], [3, 5], [3, 1], [6, 4], [1, 0], [1, 2], [1, 4]]","['C', 'C', 'C', 'S', 'S', 'S', 'S', 'C', 'C', 'C']"
4303,"[[7, 5], [7, 8], [3, 5], [3, 1], [5, 4], [8, 6], [8, 9], [6, 4], [1, 0], [1, 2], [4, 2]]","['Br', 'C', 'C', 'C', 'N', 'N', 'C', 'C', 'C', 'Br']"
4329,"[[3, 0], [5, 1], [1, 0], [1, 4], [0, 2]]","['C', 'C', 'O', 'O', 'O', 'O']"
4343,"[[7, 5], [7, 9], [3, 5], [3, 6], [3, 1], [5, 4], [8, 6], [8, 9], [1, 0], [1, 2], [1, 4]]","['O', 'S', 'O', 'C', 'C', 'C', 'C', 'C', 'C', 'C']"
4445,"[[7, 5], [7, 6], [3, 5], [3, 2], [6, 4], [1, 0], [0, 2], [4, 2]]","['C', 'C', 'C', 'C', 'N', 'C', 'C', 'C']"
4492,"[[7, 6], [3, 1], [5, 1], [8, 6], [6, 2], [1, 0], [1, 4], [0, 2]]","['C', 'S', 'C', 'O', 'O', 'O', 'C', 'O', 'O']"
45,"[[7, 3], [7, 8], [3, 0], [5, 1], [5, 8], [6, 4], [6, 2], [1, 0], [1, 4], [0, 2]]","['C', 'N', 'C', 'C', 'N', 'C', 'N', 'C', 'C']"
450,"[[7, 5], [7, 9], [3, 0], [3, 5], [3, 6], [8, 6], [8, 9], [1, 0], [1, 4], [0, 2]]","['C', 'N', 'O', 'C', 'N', 'C', 'C', 'C', 'C', 'N']"
4510,"[[7, 5], [3, 1], [3, 6], [5, 2], [5, 8], [5, 9], [1, 0], [1, 4], [0, 2]]","['O', 'C', 'C', 'C', 'O', 'S', 'Br', 'O', 'O', 'O']"
4511,"[[7, 3], [7, 4], [3, 0], [5, 1], [5, 6], [6, 2], [1, 0], [1, 4], [0, 2]]","['C', 'N', 'C', 'N', 'N', 'C', 'C', 'N']"
4549,"[[7, 4], [7, 9], [3, 1], [3, 6], [5, 2], [5, 8], [5, 9], [6, 4], [1, 0], [1, 2], [4, 2]]","['O', 'C', 'N', 'C', 'C', 'C', 'C', 'C', 'O', 'C']"
4590,"[[7, 1], [7, 8], [7, 6], [7, 2], [3, 0], [3, 5], [3, 4], [5, 1], [5, 6], [8, 9], [6, 4], [1, 0], [0, 2], [4, 2]]","['C', 'C', 'C', 'C', 'C', 'C', 'C', 'C', 'C', 'O']"
4613,"[[7, 3], [7, 4], [3, 1], [5, 6], [5, 2], [8, 4], [6, 2], [1, 0], [1, 2], [4, 2]]","['C', 'C', 'C', 'N', 'C', 'C', 'C', 'O', 'O']"
4618,"[[3, 5], [3, 1], [5, 4], [6, 4], [1, 0], [1, 2], [4, 2]]","['N', 'C', 'C', 'C', 'C', 'N', 'O']"
462,"[[7, 2], [3, 1], [5, 1], [8, 6], [6, 2], [1, 0], [1, 4], [0, 2]]","['C', 'S', 'C', 'O', 'O', 'O', 'C', 'N', 'C']"
4633,"[[7, 5], [7, 9], [3, 1], [5, 2], [8, 6], [8, 9], [6, 2], [1, 0], [1, 4], [0, 2]]","['C', 'C', 'C', 'O', 'O', 'C', 'C', 'C', 'C', 'C']"
4686,"[[7, 4], [7, 9], [3, 1], [3, 6], [3, 4], [5, 8], [5, 2], [8, 9], [1, 0], [1, 2], [4, 2]]","['O', 'C', 'C', 'C', 'C', 'C', 'O', 'C', 'C', 'C']"
474,"[[7, 5], [7, 4], [3, 5], [3, 1], [5, 8], [6, 4], [1, 0], [1, 2], [4, 2]]","['C', 'N', 'B', 'B', 'N', 'N', 'C', 'B', 'C']"
4821,"[[7, 2], [3, 1], [5, 1], [6, 2], [1, 0], [1, 4], [0, 2]]","['N', 'C', 'C', 'C', 'C', 'C', 'C', 'O']"
485,"[[7, 6], [3, 1], [5, 1], [6, 2], [1, 0], [1, 4], [0, 2]]","['C', 'S', 'C', 'O', 'O', 'O', 'N', 'C']"
4852,"[[7, 3], [7, 6], [3, 0], [3, 6], [5, 1], [5, 8], [5, 9], [8, 9], [1, 0], [1, 4], [0, 2]]","['C', 'C', 'O', 'C', 'O', 'C', 'C', 'O', 'C', 'O']"
487,"[[7, 4], [3, 0], [3, 6], [5, 2], [1, 0], [1, 4], [0, 2]]","['C', 'S', 'S', 'S', 'S', 'C', 'C', 'C']"
4962,"[[7, 3], [7, 5], [3, 1], [3, 6], [5, 2], [1, 0], [1, 2], [4, 2]]","['Cl', 'C', 'C', 'C', 'Cl', 'S', 'O', 'S']"
4967,"[[7, 3], [3, 1], [3, 8], [3, 6], [5, 4], [5, 2], [6, 9], [1, 0], [0, 2], [4, 2]]","['C', 'C', 'N', 'S', 'C', 'C', 'C', 'O', 'O', 'C']"
5014,"[[7, 5], [7, 4], [3, 5], [3, 1], [5, 8], [6, 4], [1, 0], [1, 2], [4, 2]]","['C', 'C', 'C', 'C', 'C', 'C', 'O', 'O', 'O']"
5039,"[[7, 8], [7, 2], [3, 0], [5, 1], [6, 1], [1, 0], [1, 4], [0, 2]]","['C', 'S', 'C', 'O', 'O', 'O', 'O', 'C', 'C']"
5047,"[[7, 4], [7, 9], [3, 5], [3, 1], [5, 6], [8, 6], [8, 9], [6, 4], [1, 0], [1, 2], [4, 2]]","['Cl', 'C', 'C', 'C', 'C', 'C', 'C', 'N', 'N', 'S']"
5056,"[[7, 3], [3, 1], [3, 8], [3, 6], [5, 2], [6, 2], [6, 9], [1, 0], [1, 2], [4, 2]]","['O', 'C', 'C', 'C', 'C', 'C', 'C', 'C', 'C', 'O']"
5066,"[[7, 3], [7, 4], [3, 0], [5, 1], [5, 6], [6, 2], [1, 0], [1, 4], [0, 2]]","['C', 'N', 'N', 'N', 'C', 'N', 'N', 'C']"
51,"[[7, 5], [7, 8], [3, 0], [3, 5], [3, 6], [3, 4], [8, 6], [1, 0], [0, 2]]","['C', 'O', 'O', 'C', 'N', 'C', 'C', 'C', 'C']"
5256,"[[7, 5], [7, 4], [3, 5], [3, 1], [6, 4], [1, 0], [1, 2], [4, 2]]","['O', 'C', 'O', 'C', 'C', 'S', 'O', 'C']"
526,"[[7, 8], [7, 6], [7, 4], [3, 0], [3, 2], [5, 1], [5, 4], [8, 6], [6, 2], [1, 0], [1, 4], [0, 2]]","['Si', 'Si', 'Si', 'O', 'Si', 'O', 'Si', 'Si', 'O']"
5297,"[[7, 6], [7, 4], [3, 5], [3, 6], [3, 2], [5, 8], [1, 0], [0, 2], [4, 2]]","['C', 'N', 'C', 'C', 'C', 'C', 'S', 'C', 'N']"
53,"[[7, 5], [7, 9], [3, 1], [3, 6], [5, 2], [8, 6], [1, 0], [1, 4], [0, 2]]","['S', 'C', 'C', 'O', 'S', 'C', 'C', 'S', 'C', 'C']"
5327,"[[9, 6], [3, 0], [1, 0], [8, 6], [6, 7], [6, 5], [5, 2], [0, 4], [0, 2]]","['N', 'B', 'C', 'C', 'C', 'C', 'N', 'B', 'C', 'C']"
5403,"[[7, 3], [3, 1], [3, 8], [5, 2], [5, 9], [6, 2], [1, 0], [1, 4], [0, 2]]","['C', 'C', 'N', 'C', 'N', 'N', 'O', 'O', 'O', 'O']"
5418,"[[7, 3], [7, 6], [3, 0], [3, 8], [5, 1], [5, 2], [8, 4], [6, 4], [6, 2], [1, 0], [1, 4], [0, 2]]","['C', 'C', 'N', 'C', 'C', 'C', 'C', 'C', 'C']"
5424,"[[7, 4], [7, 9], [3, 1], [3, 6], [5, 8], [5, 2], [8, 9], [6, 4], [1, 0], [1, 2], [4, 2]]","['C', 'C', 'C', 'N', 'C', 'N', 'O', 'N', 'C', 'C']"
5460,"[[0, 3], [0, 1], [0, 2]]","['C', 'O', 'O', 'O']"
5496,"[[7, 3], [7, 8], [3, 1], [3, 6], [5, 8], [5, 2], [1, 0], [1, 2], [4, 2]]","['S', 'C', 'C', 'C', 'C', 'C', 'C', 'C', 'S']"
55,"[[3, 0], [3, 5], [3, 4], [5, 4], [1, 0], [0, 2]]","['C', 'O', 'O', 'C', 'C', 'C']"
5500,"[[7, 4], [7, 9], [3, 1], [3, 6], [5, 8], [5, 2], [8, 9], [6, 4], [1, 0], [1, 2], [4, 2]]","['O', 'C', 'C', 'S', 'C', 'C', 'S', 'C', 'C', 'C']"
5521,"[[7, 4], [7, 9], [3, 1], [3, 6], [5, 8], [5, 2], [8, 9], [6, 4], [1, 0], [1, 2], [4, 2]]","['O', 'N', 'C', 'O', 'C', 'C', 'N', 'N', 'C', 'C']"
5580,"[[7, 5], [3, 5], [3, 1], [5, 6], [8, 6], [6, 4], [1, 0], [1, 2], [1, 4]]","['O', 'S', 'O', 'C', 'C', 'C', 'C', 'N', 'O']"
5594,"[[7, 5], [3, 5], [3, 1], [8, 6], [6, 4], [1, 0], [0, 2], [4, 2]]","['S', 'C', 'S', 'C', 'C', 'N', 'C', 'C', 'N']"
5650,"[[7, 4], [3, 5], [3, 6], [3, 2], [8, 4], [8, 9], [6, 9], [1, 0], [0, 2], [4, 2]]","['N', 'O', 'C', 'C', 'C', 'N', 'N', 'N', 'N', 'C']"
5676,"[[7, 5], [7, 9], [3, 5], [3, 1], [5, 4], [8, 6], [8, 9], [6, 4], [1, 0], [1, 2], [4, 2]]","['N', 'N', 'N', 'N', 'C', 'C', 'C', 'C', 'C', 'C']"
5726,"[[0, 1], [0, 2]]","['Cu', 'Cl', 'Cl']"
576,"[[7, 5], [7, 8], [3, 0], [3, 5], [3, 4], [8, 6], [6, 4], [1, 0], [0, 2]]","['C', 'S', 'S', 'N', 'C', 'C', 'C', 'C', 'N']"
58,"[[7, 8], [7, 4], [3, 5], [3, 6], [3, 1], [1, 0], [0, 2], [4, 2]]","['C', 'O', 'C', 'C', 'C', 'S', 'S', 'C', 'C']"
6001,"[[7, 5], [7, 8], [3, 1], [3, 4], [5, 2], [8, 6], [6, 4], [1, 0], [1, 2], [4, 2]]","['O', 'C', 'C', 'N', 'C', 'C', 'C', 'C', 'C']"
6035,"[[7, 6], [3, 1], [5, 1], [8, 6], [6, 2], [1, 0], [1, 4], [0, 2]]","['C', 'S', 'C', 'O', 'O', 'O', 'S', 'C', 'C']"
606,"[[3, 1], [3, 4], [5, 4], [1, 0], [1, 2], [4, 2]]","['N', 'C', 'N', 'N', 'C', 'N']"
6073,"[[0, 3], [0, 1], [0, 2]]","['N', 'O', 'O', 'O']"
6074,"[[0, 3], [0, 1], [0, 2]]","['Ho', 'Cl', 'Cl', 'Cl']"
61,"[[7, 5], [7, 6], [7, 4], [3, 0], [3, 6], [5, 2], [1, 0], [1, 4], [0, 2]]","['S', 'C', 'C', 'C', 'C', 'C', 'C', 'S']"
6152,"[[3, 5], [3, 1], [5, 4], [6, 4], [1, 0], [1, 2], [4, 2]]","['C', 'C', 'C', 'S', 'C', 'S', 'C']"
6153,"[[7, 5], [7, 6], [3, 0], [3, 5], [3, 4], [6, 4], [1, 0], [0, 2]]","['C', 'O', 'O', 'C', 'C', 'S', 'C', 'S']"
6226,"[[7, 3], [7, 8], [3, 5], [3, 6], [3, 1], [5, 6], [8, 4], [1, 0], [1, 2], [1, 4]]","['Cl', 'Pd', 'Cl', 'N', 'N', 'C', 'C', 'C', 'C']"
6261,"[[7, 5], [7, 6], [3, 1], [3, 6], [5, 2], [1, 0], [1, 2], [4, 2]]","['O', 'C', 'N', 'N', 'C', 'C', 'C', 'C']"
6263,"[[7, 5], [7, 8], [7, 6], [3, 5], [3, 2], [6, 4], [1, 0], [0, 2], [4, 2]]","['C', 'C', 'N', 'C', 'C', 'C', 'N', 'C', 'O']"
6264,"[[7, 5], [7, 4], [3, 5], [3, 1], [6, 4], [1, 0], [1, 2], [4, 2]]","['S', 'C', 'N', 'C', 'C', 'C', 'S', 'N']"
6286,"[[3, 5], [3, 2], [5, 6], [6, 4], [1, 0], [0, 2], [4, 2]]","['C', 'N', 'C', 'N', 'N', 'C', 'C']"
634,"[[7, 3], [7, 5], [3, 1], [3, 6], [5, 2], [1, 0], [1, 2], [4, 2]]","['C', 'N', 'C', 'C', 'O', 'C', 'S', 'S']"
6395,"[[7, 5], [7, 8], [7, 6], [3, 5], [3, 2], [6, 4], [1, 0], [0, 2], [4, 2]]","['N', 'O', 'C', 'C', 'C', 'C', 'C', 'C', 'Cl']"
64,"[[7, 2], [3, 0], [3, 9], [5, 1], [8, 2], [6, 1], [1, 0], [0, 4], [0, 2]]","['C', 'C', 'C', 'C', 'C', 'O', 'O', 'O', 'O', 'C']"
6447,"[[7, 3], [3, 1], [3, 6], [5, 2], [5, 9], [8, 4], [8, 9], [1, 0], [0, 2], [4, 2]]","['N', 'N', 'C', 'C', 'C', 'C', 'N', 'O', 'S', 'S']"
6448,"[[7, 3], [3, 1], [3, 6], [5, 2], [5, 9], [8, 4], [8, 9], [1, 0], [0, 2], [4, 2]]","['N', 'N', 'C', 'C', 'C', 'C', 'N', 'S', 'S', 'S']"
645,"[[0, 3], [0, 1], [0, 2]]","['N', 'O', 'O', 'O']"
6496,"[[3, 5], [3, 1], [5, 4], [1, 0], [1, 2], [4, 2]]","['S', 'C', 'N', 'O', 'C', 'C']"
6578,"[[7, 5], [7, 8], [3, 0], [3, 5], [3, 6], [3, 4], [8, 6], [1, 0], [0, 2]]","['C', 'O', 'O', 'C', 'N', 'C', 'C', 'S', 'S']"
6613,"[[7, 3], [7, 5], [3, 1], [5, 2], [5, 9], [8, 6], [8, 4], [6, 2], [1, 0], [1, 2], [1, 4]]","['C', 'N', 'C', 'C', 'C', 'C', 'C', 'C', 'C', 'C']"
6615,"[[7, 3], [7, 5], [3, 1], [5, 2], [5, 9], [8, 6], [8, 4], [6, 2], [1, 0], [1, 2], [1, 4]]","['C', 'N', 'C', 'C', 'C', 'C', 'C', 'C', 'C', 'C']"
6669,"[[3, 5], [3, 1], [5, 4], [6, 4], [1, 0], [1, 2], [4, 2]]","['O', 'C', 'N', 'S', 'C', 'S', 'O']"
6700,"[[7, 5], [3, 0], [3, 5], [3, 6], [5, 8], [8, 9], [6, 9], [1, 0], [1, 4], [0, 2]]","['C', 'N', 'O', 'C', 'N', 'C', 'N', 'C', 'N', 'O']"
6732,"[[7, 2], [3, 0], [5, 1], [8, 2], [6, 1], [1, 0], [1, 4], [0, 2]]","['C', 'S', 'C', 'N', 'O', 'O', 'O', 'C', 'C']"
6785,"[[7, 2], [3, 0], [5, 1], [8, 2], [6, 1], [1, 0], [1, 4], [9, 2], [0, 2]]","['C', 'S', 'S', 'I', 'O', 'O', 'O', 'O', 'O', 'O']"
6800,"[[3, 1], [5, 1], [6, 2], [1, 0], [1, 4], [0, 2]]","['C', 'S', 'N', 'O', 'O', 'O', 'C']"
6850,"[[7, 2], [3, 0], [5, 1], [8, 2], [6, 1], [1, 0], [1, 4], [9, 2], [0, 2]]","['C', 'Si', 'Si', 'C', 'C', 'C', 'C', 'C', 'C', 'C']"
6896,"[[7, 4], [3, 5], [3, 6], [3, 2], [8, 6], [8, 4], [1, 0], [0, 2], [4, 2]]","['N', 'O', 'C', 'C', 'C', 'N', 'N', 'O', 'N']"
6897,"[[7, 4], [3, 5], [3, 6], [3, 2], [8, 6], [8, 4], [6, 9], [1, 0], [0, 2], [4, 2]]","['N', 'O', 'C', 'C', 'C', 'N', 'N', 'C', 'N', 'C']"
6963,"[[7, 4], [7, 9], [3, 5], [3, 1], [5, 6], [8, 6], [8, 9], [6, 4], [1, 0], [1, 2], [4, 2]]","['Br', 'C', 'C', 'C', 'C', 'N', 'C', 'N', 'N', 'N']"
7022,"[[7, 4], [3, 5], [3, 6], [3, 2], [8, 4], [8, 9], [6, 9], [1, 0], [0, 2], [4, 2]]","['N', 'O', 'C', 'C', 'C', 'N', 'C', 'N', 'N', 'C']"
7124,"[[7, 3], [7, 4], [3, 0], [5, 1], [5, 6], [6, 2], [1, 0], [1, 4], [0, 2]]","['C', 'N', 'C', 'C', 'C', 'C', 'O', 'S']"
717,"[[0, 3], [0, 1], [0, 2]]","['C', 'O', 'O', 'O']"
7190,"[[7, 5], [7, 6], [7, 9], [3, 1], [3, 6], [5, 2], [8, 6], [1, 0], [1, 2], [4, 2]]","['C', 'C', 'C', 'N', 'O', 'N', 'C', 'C', 'O', 'C']"
7216,"[[7, 5], [7, 6], [3, 1], [3, 6], [5, 2], [1, 0], [1, 2], [4, 2]]","['N', 'C', 'C', 'C', 'O', 'N', 'C', 'C']"
7319,"[[7, 4], [3, 5], [3, 6], [3, 2], [8, 4], [8, 9], [6, 9], [1, 0], [0, 2], [4, 2]]","['N', 'O', 'C', 'C', 'C', 'C', 'C', 'C', 'C', 'C']"
7339,"[[7, 8], [7, 4], [3, 1], [3, 6], [5, 8], [5, 2], [8, 6], [8, 9], [1, 0], [1, 2], [1, 4]]","['C', 'N', 'C', 'C', 'C', 'C', 'C', 'C', 'N', 'C']"
7410,"[[3, 5], [3, 1], [5, 4], [6, 4], [1, 0], [1, 2], [4, 2]]","['C', 'C', 'C', 'S', 'C', 'S', 'C']"
7413,"[[3, 0], [5, 0], [6, 0], [1, 0], [0, 4], [0, 2]]","['Ru', 'Cl', 'Cl', 'Cl', 'N', 'N', 'N']"
7468,"[[7, 3], [7, 5], [3, 1], [5, 2], [8, 4], [8, 9], [6, 2], [6, 9], [1, 0], [1, 2], [1, 4]]","['Cl', 'Pt', 'S', 'N', 'N', 'C', 'S', 'C', 'C', 'C']"
7469,"[[7, 3], [7, 5], [3, 1], [5, 2], [8, 4], [8, 9], [6, 2], [6, 9], [1, 0], [1, 2], [1, 4]]","['Cl', 'Pd', 'S', 'N', 'N', 'C', 'S', 'C', 'C', 'C']"
7512,"[[7, 8], [7, 6], [3, 0], [5, 2], [6, 4], [1, 0], [1, 4], [0, 2]]","['C', 'C', 'O', 'O', 'O', 'C', 'C', 'C', 'C']"
7544,"[[7, 3], [7, 8], [3, 1], [3, 6], [5, 8], [5, 2], [8, 9], [1, 0], [1, 2], [4, 2]]","['O', 'C', 'C', 'C', 'Br', 'C', 'Br', 'C', 'C', 'O']"
7567,"[[7, 5], [7, 8], [7, 6], [3, 5], [3, 1], [6, 4], [1, 0], [1, 2], [1, 4]]","['C', 'C', 'O', 'C', 'C', 'C', 'C', 'C', 'O']"
7574,"[[3, 0], [3, 6], [5, 4], [5, 2], [6, 4], [1, 0], [1, 4], [0, 2]]","['C', 'O', 'C', 'C', 'C', 'O', 'O']"
770,"[[7, 5], [7, 6], [3, 5], [3, 2], [6, 4], [1, 0], [0, 2], [4, 2]]","['C', 'C', 'C', 'C', 'C', 'C', 'C', 'N']"
7763,"[[7, 5], [7, 8], [3, 5], [3, 1], [5, 4], [8, 6], [6, 4], [1, 0], [1, 2], [4, 2]]","['O', 'C', 'O', 'O', 'C', 'C', 'C', 'C', 'S']"
7764,"[[7, 5], [7, 8], [3, 5], [3, 1], [5, 4], [8, 6], [8, 9], [6, 4], [1, 0], [1, 2], [4, 2]]","['O', 'S', 'C', 'C', 'C', 'C', 'O', 'O', 'C', 'O']"
7795,"[[3, 0], [5, 1], [6, 2], [1, 0], [0, 4], [0, 2]]","['Sn', 'C', 'C', 'Cl', 'Cl', 'C', 'C']"
78,"[[7, 6], [7, 4], [3, 1], [3, 6], [5, 2], [5, 9], [8, 4], [8, 9], [1, 0], [1, 2], [4, 2]]","['O', 'C', 'C', 'N', 'C', 'C', 'C', 'N', 'N', 'N']"
7869,"[[7, 8], [7, 4], [3, 5], [3, 6], [3, 2], [8, 6], [8, 9], [1, 0], [0, 2], [4, 2]]","['N', 'O', 'C', 'C', 'C', 'O', 'N', 'N', 'C', 'O']"
7895,"[[7, 5], [7, 9], [3, 5], [3, 6], [3, 1], [5, 4], [8, 6], [8, 9], [1, 0], [1, 2], [1, 4]]","['O', 'S', 'O', 'C', 'C', 'C', 'C', 'C', 'C', 'C']"
7898,"[[3, 0], [5, 2], [6, 4], [1, 0], [1, 4], [0, 2]]","['C', 'C', 'C', 'C', 'C', 'N', 'C']"
7946,"[[7, 5], [7, 9], [3, 1], [5, 2], [8, 6], [8, 9], [6, 2], [1, 0], [0, 2], [4, 2]]","['C', 'S', 'C', 'C', 'O', 'C', 'C', 'C', 'C', 'C']"
7962,"[[3, 0], [5, 1], [6, 1], [1, 0], [0, 4], [0, 2]]","['P', 'C', 'O', 'O', 'O', 'O', 'O']"
802,"[[3, 5], [3, 1], [5, 6], [6, 4], [1, 0], [1, 2], [4, 2]]","['O', 'C', 'C', 'N', 'C', 'C', 'C']"
810,"[[7, 4], [3, 5], [3, 6], [3, 2], [8, 6], [8, 4], [1, 0], [0, 2], [4, 2]]","['C', 'N', 'C', 'C', 'C', 'C', 'N', 'N', 'N']"
8116,"[[0, 1]]","['Cl', 'Li']"
812,"[[7, 2], [3, 1], [5, 1], [6, 2], [1, 0], [1, 4], [0, 2]]","['C', 'S', 'C', 'O', 'O', 'O', 'O', 'O']"
8152,"[[7, 5], [7, 8], [3, 5], [3, 1], [5, 4], [8, 6], [6, 4], [1, 0], [1, 2], [4, 2]]","['N', 'C', 'N', 'S', 'C', 'C', 'C', 'C', 'C']"
8161,"[[7, 5], [7, 4], [3, 5], [3, 1], [6, 4], [1, 0], [1, 2], [4, 2]]","['O', 'C', 'N', 'C', 'C', 'O', 'C', 'N']"
8393,"[[7, 8], [7, 6], [3, 0], [5, 2], [6, 4], [1, 0], [1, 4], [0, 2]]","['C', 'C', 'C', 'O', 'N', 'O', 'C', 'C', 'N']"
8510,"[[7, 8], [7, 6], [3, 1], [5, 1], [6, 2], [1, 0], [1, 4], [0, 2]]","['S', 'C', 'S', 'C', 'C', 'C', 'C', 'C', 'N']"
8571,"[[7, 5], [7, 8], [7, 9], [3, 0], [5, 4], [8, 6], [6, 4], [1, 0], [0, 4], [0, 2]]","['S', 'C', 'O', 'O', 'C', 'N', 'N', 'C', 'O', 'N']"
858,"[[7, 5], [3, 0], [5, 2], [6, 4], [1, 0], [1, 4], [0, 2]]","['C', 'N', 'N', 'N', 'C', 'Hg', 'N', 'C']"
8627,"[[7, 3], [7, 9], [3, 0], [3, 6], [5, 1], [8, 6], [8, 9], [1, 0], [1, 4], [0, 2]]","['C', 'C', 'N', 'C', 'O', 'O', 'C', 'C', 'C', 'C']"
8651,"[[3, 5], [3, 1], [6, 4], [1, 0], [0, 2], [4, 2]]","['C', 'N', 'O', 'C', 'C', 'O', 'C']"
8711,"[[7, 5], [7, 8], [7, 6], [7, 9], [3, 5], [3, 1], [6, 4], [1, 0], [1, 2], [1, 4]]","['C', 'C', 'C', 'C', 'C', 'N', 'N', 'Pt', 'Cl', 'Cl']"
8805,"[[7, 5], [7, 6], [3, 0], [3, 5], [3, 4], [6, 4], [1, 0], [0, 2]]","['Ga', 'C', 'C', 'N', 'C', 'N', 'C', 'C']"
8889,"[[7, 8], [7, 4], [3, 1], [3, 6], [5, 8], [5, 2], [6, 4], [6, 9], [1, 0], [1, 2], [4, 2]]","['O', 'C', 'C', 'O', 'N', 'C', 'C', 'C', 'S', 'O']"
8893,"[[7, 4], [7, 9], [3, 0], [3, 6], [5, 2], [8, 4], [1, 0], [1, 4], [0, 2]]","['N', 'C', 'C', 'C', 'C', 'C', 'C', 'C', 'C', 'C']"
892,"[[7, 5], [7, 8], [3, 5], [3, 1], [8, 6], [6, 4], [1, 0], [1, 2], [4, 2]]","['N', 'C', 'C', 'C', 'C', 'C', 'C', 'C', 'C']"
8949,"[[7, 5], [7, 8], [3, 2], [5, 2], [8, 6], [8, 9], [6, 4], [1, 0], [0, 2], [4, 2]]","['C', 'N', 'P', 'O', 'C', 'C', 'N', 'N', 'C', 'O']"
8959,"[[7, 2], [3, 0], [5, 1], [6, 2], [1, 0], [1, 4], [0, 2]]","['C', 'C', 'S', 'Cl', 'Cl', 'Cl', 'Cl', 'O']"
90,"[[3, 1], [5, 1], [6, 2], [1, 0], [1, 4], [0, 2]]","['C', 'S', 'C', 'O', 'O', 'O', 'O']"
9008,"[[7, 5], [7, 8], [3, 1], [5, 2], [8, 6], [6, 4], [1, 0], [0, 2], [4, 2]]","['N', 'N', 'C', 'O', 'C', 'N', 'N', 'C', 'C']"
9031,"[[7, 2], [3, 0], [5, 1], [6, 2], [1, 0], [1, 4], [0, 2]]","['N', 'C', 'C', 'O', 'C', 'O', 'C', 'O']"
9129,"[[7, 4], [3, 0], [3, 6], [5, 8], [5, 2], [6, 9], [1, 0], [1, 4], [0, 2]]","['N', 'C', 'C', 'C', 'C', 'C', 'C', 'Cl', 'Cl', 'N']"
913,"[[3, 0], [5, 1], [1, 0], [0, 4], [0, 2]]","['S', 'S', 'C', 'O', 'O', 'C']"
9274,"[[7, 6], [7, 4], [3, 1], [3, 6], [5, 2], [5, 9], [8, 4], [8, 9], [1, 0], [1, 2], [4, 2]]","['C', 'C', 'C', 'C', 'C', 'N', 'C', 'N', 'N', 'N']"
93,"[[3, 5], [3, 1], [5, 4], [1, 0], [0, 2], [4, 2]]","['C', 'S', 'S', 'C', 'C', 'S']"
9334,"[[7, 5], [7, 9], [3, 5], [3, 1], [5, 6], [8, 6], [8, 9], [6, 4], [1, 0], [1, 2], [1, 4]]","['Cl', 'Pt', 'Cl', 'N', 'N', 'C', 'C', 'C', 'C', 'C']"
949,"[[7, 2], [3, 1], [5, 1], [8, 2], [6, 2], [1, 0], [1, 4], [0, 2]]","['C', 'C', 'S', 'C', 'C', 'C', 'O', 'O', 'O']"
9599,"[[7, 8], [7, 6], [3, 1], [5, 1], [6, 2], [1, 0], [1, 4], [0, 2]]","['C', 'P', 'C', 'O', 'O', 'O', 'C', 'N', 'O']"
96,"[[3, 1], [5, 2], [1, 0], [1, 4], [0, 2]]","['N', 'C', 'C', 'N', 'N', 'N']"
960,"[[7, 5], [7, 8], [7, 4], [3, 5], [3, 6], [3, 2], [5, 6], [8, 9], [1, 0], [0, 2], [4, 2]]","['C', 'O', 'C', 'C', 'O', 'C', 'O', 'C', 'O', 'C']"
9614,"[[7, 3], [7, 8], [3, 1], [3, 6], [5, 8], [5, 2], [8, 9], [1, 0], [1, 2], [4, 2]]","['O', 'S', 'C', 'C', 'C', 'C', 'C', 'S', 'C', 'C']"
9641,"[[7, 5], [7, 9], [3, 5], [3, 1], [5, 4], [8, 6], [8, 9], [6, 4], [1, 0], [1, 2], [4, 2]]","['Cl', 'P', 'N', 'N', 'C', 'C', 'C', 'N', 'N', 'C']"
9679,"[[7, 4], [7, 9], [3, 1], [3, 6], [5, 8], [5, 2], [8, 9], [6, 4], [1, 0], [1, 2], [4, 2]]","['O', 'C', 'C', 'S', 'C', 'C', 'S', 'N', 'C', 'C']"
9769,"[[7, 5], [3, 0], [3, 5], [3, 6], [5, 8], [8, 9], [6, 9], [1, 0], [1, 4], [0, 2]]","['C', 'O', 'O', 'C', 'C', 'C', 'N', 'O', 'N', 'C']"
982,"[[3, 5], [3, 1], [5, 4], [1, 0], [1, 2], [4, 2]]","['N', 'C', 'N', 'S', 'C', 'C']"
985,"[[7, 8], [7, 4], [3, 1], [3, 6], [5, 8], [5, 2], [6, 4], [1, 0], [1, 2], [4, 2]]","['O', 'C', 'C', 'O', 'N', 'C', 'N', 'C', 'S']"
99,"[[7, 4], [7, 9], [3, 0], [3, 5], [3, 4], [5, 8], [8, 9], [6, 4], [1, 0], [0, 2]]","['C', 'O', 'O', 'C', 'C', 'C', 'S', 'C', 'C', 'C']"
9900,"[[3, 0], [5, 1], [6, 1], [1, 0], [0, 4], [0, 2]]","['S', 'C', 'O', 'O', 'O', 'C', 'N']"
9902,"[[7, 8], [7, 2], [3, 0], [5, 1], [6, 1], [1, 0], [1, 4], [0, 2]]","['C', 'S', 'C', 'N', 'O', 'O', 'O', 'C', 'C']"
9926,"[[7, 6], [7, 4], [3, 0], [3, 6], [5, 2], [5, 8], [5, 9], [8, 4], [6, 9], [1, 0], [1, 4], [0, 2]]","['N', 'C', 'C', 'C', 'N', 'N', 'N', 'C', 'C', 'C']"
9930,"[[7, 2], [3, 1], [5, 1], [8, 6], [6, 2], [1, 0], [1, 4], [0, 2]]","['C', 'S', 'C', 'O', 'O', 'O', 'S', 'C', 'C']"
9944,"[[7, 4], [7, 9], [3, 5], [3, 6], [3, 2], [5, 8], [6, 9], [1, 0], [0, 2], [4, 2]]","['N', 'O', 'C', 'C', 'C', 'N', 'C', 'C', 'O', 'C']"
9948,"[[7, 5], [7, 8], [7, 6], [3, 5], [3, 2], [6, 4], [1, 0], [0, 2], [4, 2]]","['N', 'O', 'C', 'C', 'C', 'C', 'C', 'C', 'Br']"
9981,"[[7, 8], [7, 4], [3, 1], [3, 6], [5, 8], [5, 2], [6, 4], [1, 0], [1, 2], [4, 2]]","['O', 'C', 'N', 'C', 'C', 'C', 'S', 'N', 'C']"
1011,"[[7, 5], [7, 6], [3, 0], [3, 5], [3, 4], [6, 4], [1, 0], [0, 2]]","['C', 'O', 'O', 'C', 'C', 'N', 'S', 'C']"
10121,"[[7, 3], [3, 4], [3, 2], [5, 4], [6, 2], [1, 0], [1, 2]]","['O', 'C', 'C', 'C', 'C', 'Cl', 'O', 'Cl']"
1014,"[[7, 8], [7, 4], [3, 5], [3, 6], [3, 1], [1, 0], [0, 2], [4, 2]]","['C', 'C', 'C', 'C', 'C', 'O', 'O', 'C', 'N']"
1029,"[[7, 6], [7, 4], [3, 0], [3, 6], [5, 2], [5, 8], [5, 9], [8, 4], [6, 9], [1, 0], [1, 4], [0, 2]]","['N', 'C', 'C', 'C', 'N', 'N', 'N', 'C', 'C', 'C']"
10303,"[[7, 8], [7, 6], [3, 2], [3, 6], [3, 4], [5, 0], [5, 4], [8, 4], [1, 0], [1, 2], [9, 2]]","['S', 'C', 'C', 'C', 'C', 'C', 'C', 'C', 'S', 'O']"
1033,"[[7, 3], [7, 8], [3, 1], [3, 6], [5, 8], [5, 2], [8, 9], [1, 0], [1, 2], [4, 2]]","['Cl', 'C', 'C', 'C', 'Cl', 'N', 'Cl', 'N', 'C', 'C']"
1047,"[[7, 4], [3, 5], [3, 6], [3, 1], [8, 4], [1, 0], [0, 2], [4, 2]]","['C', 'C', 'C', 'C', 'C', 'C', 'C', 'C', 'N']"
1074,"[[7, 4], [3, 5], [3, 1], [5, 8], [5, 9], [6, 4], [1, 0], [0, 2], [4, 2]]","['S', 'S', 'C', 'C', 'C', 'C', 'N', 'O', 'N', 'O']"
1079,"[[7, 8], [7, 4], [7, 9], [3, 5], [3, 6], [3, 2], [8, 6], [1, 0], [0, 2], [4, 2]]","['C', 'O', 'N', 'C', 'N', 'O', 'C', 'C', 'C', 'O']"
1101,"[[7, 3], [3, 0], [5, 1], [6, 2], [1, 0], [0, 4], [0, 2]]","['P', 'N', 'N', 'N', 'O', 'C', 'C', 'C']"
1136,"[[3, 1], [5, 1], [6, 2], [1, 0], [1, 4], [0, 2]]","['C', 'S', 'C', 'O', 'O', 'O', 'N']"
11423,"[[7, 6], [3, 0], [3, 5], [3, 4], [5, 6], [8, 6], [8, 9], [1, 0], [0, 2]]","['N', 'C', 'C', 'C', 'N', 'N', 'C', 'S', 'N', 'C']"
11572,"[[7, 5], [3, 4], [3, 2], [5, 0], [5, 4], [8, 4], [6, 0], [1, 0], [1, 2]]","['C', 'O', 'C', 'C', 'C', 'C', 'C', 'O', 'O']"
12261,"[[7, 8], [7, 6], [3, 1], [3, 4], [5, 4], [5, 6], [5, 9], [8, 9], [1, 0], [1, 2], [9, 0]]","['C', 'C', 'Br', 'C', 'N', 'C', 'N', 'S', 'N', 'C']"
12325,"[[7, 6], [3, 5], [3, 4], [3, 2], [5, 6], [1, 0], [1, 2]]","['N', 'C', 'C', 'C', 'O', 'C', 'C', 'N']"
12435,"[[7, 6], [3, 0], [3, 2], [5, 4], [8, 2], [6, 2], [1, 0], [1, 2], [0, 4]]","['C', 'C', 'C', 'C', 'O', 'C', 'C', 'N', 'Br']"
1322,"[[7, 5], [3, 5], [3, 1], [6, 4], [1, 0], [0, 2], [4, 2]]","['N', 'N', 'C', 'C', 'C', 'C', 'O', 'O']"
13232,"[[7, 6], [3, 4], [3, 2], [5, 6], [5, 4], [8, 6], [1, 0], [1, 2]]","['N', 'C', 'C', 'C', 'S', 'C', 'C', 'O', 'O']"
13238,"[[7, 5], [3, 5], [3, 4], [3, 1], [5, 6], [8, 9], [1, 0], [1, 2], [9, 0]]","['C', 'C', 'O', 'C', 'O', 'C', 'C', 'C', 'C', 'C']"
13339,"[[7, 3], [3, 2], [3, 6], [3, 4], [5, 1], [5, 4], [1, 0], [0, 2]]","['C', 'C', 'S', 'S', 'C', 'C', 'O', 'O']"
13479,"[[3, 4], [3, 2], [5, 0], [5, 6], [1, 0], [1, 2], [0, 4]]","['C', 'C', 'C', 'Te', 'C', 'C', 'O']"
14314,"[[7, 0], [7, 6], [3, 4], [3, 2], [5, 6], [5, 4], [8, 6], [1, 0], [1, 2], [9, 2], [0, 4]]","['C', 'S', 'C', 'S', 'C', 'S', 'C', 'S', 'S', 'S']"
1436,"[[7, 5], [7, 4], [3, 5], [3, 1], [5, 8], [6, 4], [1, 0], [1, 2], [4, 2]]","['S', 'C', 'C', 'N', 'C', 'C', 'S', 'N', 'S']"
152,"[[0, 1], [0, 2]]","['As', 'O', 'O']"
15223,"[[7, 3], [7, 8], [3, 4], [3, 2], [5, 0], [5, 4], [6, 2], [1, 0], [1, 2], [1, 9], [9, 4]]","['C', 'C', 'C', 'C', 'C', 'C', 'O', 'N', 'O', 'C']"
15378,"[[7, 5], [3, 2], [5, 0], [5, 6], [1, 0], [1, 2], [4, 2]]","['C', 'C', 'C', 'O', 'O', 'C', 'O', 'O']"
1540,"[[3, 1], [5, 2], [1, 0], [1, 4], [0, 2]]","['C', 'N', 'C', 'C', 'C', 'S']"
15414,"[[7, 4], [3, 4], [3, 2], [5, 0], [5, 4], [6, 2], [1, 0], [1, 2]]","['O', 'C', 'C', 'N', 'C', 'C', 'O', 'O']"
15697,"[[3, 1], [3, 4], [5, 4], [6, 4], [1, 0], [1, 2]]","['N', 'C', 'O', 'C', 'C', 'O', 'C']"
15841,"[[7, 6], [3, 0], [3, 4], [5, 4], [5, 2], [8, 6], [6, 4], [1, 0], [1, 2]]","['C', 'C', 'C', 'N', 'C', 'C', 'P', 'O', 'O']"
1635,"[[7, 5], [3, 5], [3, 1], [5, 6], [6, 4], [1, 0], [1, 2], [1, 4]]","['C', 'C', 'C', 'S', 'C', 'C', 'N', 'S']"
1693,"[[7, 8], [7, 4], [3, 1], [3, 6], [5, 8], [5, 2], [6, 4], [1, 0], [1, 2], [4, 2]]","['C', 'C', 'N', 'C', 'C', 'C', 'S', 'N', 'C']"
170,"[[3, 5], [3, 1], [5, 4], [1, 0], [1, 2], [4, 2]]","['O', 'S', 'O', 'O', 'C', 'C']"
1743,"[[7, 3], [7, 4], [3, 0], [5, 1], [5, 6], [6, 2], [1, 0], [1, 4], [0, 2]]","['C', 'N', 'N', 'N', 'C', 'N', 'N', 'C']"
1888,"[[7, 5], [7, 6], [7, 9], [3, 1], [3, 6], [5, 2], [8, 6], [1, 0], [1, 2], [4, 2]]","['C', 'C', 'C', 'N', 'O', 'N', 'N', 'C', 'C', 'O']"
19264,"[[7, 0], [3, 4], [3, 2], [5, 6], [5, 4], [8, 2], [6, 0], [1, 0], [1, 2]]","['N', 'C', 'C', 'N', 'C', 'C', 'C', 'C', 'S']"
1939,"[[7, 2], [3, 1], [5, 1], [8, 2], [6, 2], [1, 0], [1, 4], [0, 2]]","['O', 'P', 'P', 'O', 'O', 'O', 'O', 'O', 'O']"
19748,"[[7, 8], [7, 6], [3, 4], [3, 2], [5, 4], [8, 9], [6, 4], [1, 0], [1, 2]]","['Cl', 'C', 'C', 'N', 'C', 'O', 'S', 'C', 'C', 'O']"
1987,"[[7, 8], [7, 4], [3, 1], [5, 8], [5, 2], [6, 4], [1, 0], [0, 2], [4, 2]]","['C', 'C', 'N', 'O', 'C', 'C', 'O', 'O', 'C']"
2024,"[[7, 3], [7, 8], [3, 1], [5, 2], [6, 2], [1, 0], [1, 4], [0, 2]]","['N', 'C', 'C', 'N', 'N', 'C', 'O', 'C', 'N']"
20680,"[[7, 8], [7, 9], [3, 2], [3, 6], [3, 4], [5, 4], [5, 9], [1, 0], [1, 2]]","['N', 'C', 'N', 'C', 'N', 'C', 'N', 'C', 'C', 'O']"
20701,"[[7, 6], [3, 2], [5, 6], [5, 4], [8, 4], [1, 0], [0, 4], [0, 2]]","['C', 'O', 'N', 'C', 'N', 'C', 'O', 'C', 'C']"
20705,"[[7, 6], [3, 5], [3, 4], [3, 2], [8, 6], [6, 0], [1, 0], [1, 2]]","['N', 'C', 'N', 'C', 'O', 'N', 'C', 'O', 'N']"
2127,"[[7, 8], [7, 6], [7, 4], [3, 5], [3, 6], [3, 1], [1, 0], [1, 2], [1, 4]]","['O', 'S', 'O', 'C', 'C', 'C', 'C', 'C', 'C']"
21828,"[[7, 6], [3, 2], [5, 4], [8, 6], [6, 4], [6, 9], [1, 0], [1, 2], [4, 2]]","['C', 'C', 'C', 'O', 'N', 'O', 'C', 'C', 'C', 'C']"
23509,"[[7, 8], [7, 4], [3, 4], [3, 2], [5, 6], [5, 4], [8, 9], [6, 0], [1, 0], [1, 2], [9, 4]]","['C', 'C', 'S', 'C', 'C', 'C', 'S', 'C', 'O', 'C']"
23532,"[[7, 8], [7, 6], [3, 4], [3, 2], [5, 6], [5, 4], [8, 9], [1, 0], [1, 2], [9, 0]]","['S', 'C', 'C', 'C', 'C', 'S', 'C', 'C', 'C', 'C']"
2355,"[[7, 4], [7, 9], [3, 5], [3, 6], [3, 2], [8, 6], [6, 9], [1, 0], [0, 2], [4, 2]]","['N', 'N', 'C', 'C', 'C', 'Cl', 'C', 'N', 'O', 'N']"
2413,"[[7, 5], [3, 5], [3, 1], [5, 6], [6, 4], [1, 0], [1, 2], [1, 4]]","['O', 'S', 'O', 'O', 'C', 'C', 'C', 'O']"
244,"[[3, 5], [3, 1], [5, 4], [6, 4], [1, 0], [1, 2], [4, 2]]","['S', 'C', 'S', 'N', 'C', 'N', 'S']"
245,"[[3, 0], [5, 2], [1, 0], [1, 4], [0, 2]]","['C', 'C', 'C', 'S', 'O', 'S']"
2467,"[[7, 6], [3, 0], [5, 2], [6, 4], [1, 0], [1, 4], [0, 2]]","['C', 'C', 'C', 'N', 'C', 'O', 'S', 'C']"
2486,"[[7, 3], [7, 6], [3, 0], [3, 6], [5, 4], [5, 2], [1, 0], [0, 2], [4, 2]]","['C', 'S', 'N', 'N', 'C', 'C', 'C', 'C']"
24933,"[[7, 8], [7, 4], [7, 9], [3, 4], [3, 2], [5, 0], [6, 0], [1, 0], [1, 2], [0, 4]]","['N', 'C', 'C', 'C', 'C', 'C', 'C', 'C', 'O', 'O']"
2547,"[[7, 4], [7, 9], [3, 1], [3, 6], [5, 8], [5, 2], [8, 9], [6, 4], [1, 0], [1, 2], [4, 2]]","['S', 'C', 'N', 'N', 'C', 'C', 'N', 'C', 'C', 'C']"
2590,"[[7, 5], [7, 9], [3, 5], [3, 1], [5, 4], [8, 6], [8, 9], [6, 4], [1, 0], [1, 2], [4, 2]]","['Se', 'C', 'N', 'O', 'C', 'C', 'C', 'C', 'C', 'C']"
2592,"[[7, 3], [3, 1], [3, 6], [5, 2], [5, 9], [8, 4], [8, 9], [1, 0], [0, 2], [4, 2]]","['S', 'C', 'As', 'C', 'S', 'S', 'O', 'O', 'C', 'C']"
25947,"[[7, 6], [3, 4], [3, 2], [5, 4], [8, 6], [6, 4], [1, 0], [1, 2]]","['O', 'C', 'O', 'C', 'C', 'C', 'C', 'O', 'C']"
2622,"[[7, 8], [7, 6], [3, 1], [5, 1], [6, 2], [1, 0], [1, 4], [0, 2]]","['C', 'S', 'C', 'O', 'O', 'O', 'C', 'C', 'O']"
27325,"[[7, 6], [3, 2], [3, 4], [3, 9], [5, 0], [5, 4], [8, 6], [6, 2], [1, 0], [1, 2]]","['C', 'C', 'C', 'C', 'C', 'C', 'C', 'O', 'O', 'S']"
27583,"[[7, 1], [3, 2], [5, 6], [5, 2], [1, 0], [0, 2], [4, 2]]","['C', 'N', 'C', 'C', 'C', 'N', 'O', 'O']"
2790,"[[7, 5], [3, 0], [5, 2], [8, 6], [6, 4], [6, 9], [1, 0], [1, 4], [0, 2]]","['C', 'N', 'C', 'C', 'N', 'C', 'C', 'O', 'N', 'S']"
2817,"[[7, 4], [7, 9], [3, 1], [3, 6], [5, 8], [5, 2], [8, 9], [6, 4], [1, 0], [1, 2], [4, 2]]","['N', 'C', 'N', 'N', 'C', 'C', 'N', 'C', 'C', 'C']"
2855,"[[3, 0], [3, 6], [5, 2], [1, 0], [1, 4], [0, 2]]","['C', 'C', 'C', 'C', 'N', 'N', 'N']"
28589,"[[7, 6], [3, 1], [3, 4], [5, 6], [5, 4], [1, 0], [1, 2]]","['N', 'C', 'S', 'N', 'C', 'C', 'C', 'Cl']"
28914,"[[7, 6], [3, 0], [3, 4], [5, 6], [5, 4], [8, 6], [1, 0], [0, 2]]","['C', 'C', 'Br', 'C', 'N', 'C', 'N', 'C', 'C']"
2966,"[[7, 8], [7, 4], [3, 1], [3, 6], [5, 8], [5, 2], [8, 9], [6, 4], [1, 0], [1, 2], [4, 2]]","['C', 'C', 'N', 'N', 'C', 'N', 'N', 'S', 'C', 'S']"
30,"[[3, 5], [3, 1], [5, 4], [1, 0], [1, 2], [4, 2]]","['S', 'C', 'N', 'S', 'C', 'C']"
3009,"[[7, 3], [3, 0], [5, 2], [8, 4], [6, 2], [1, 0], [1, 4], [9, 4], [0, 2]]","['C', 'C', 'C', 'C', 'C', 'N', 'O', 'N', 'C', 'C']"
31025,"[[7, 4], [3, 1], [5, 4], [8, 2], [8, 9], [6, 4], [1, 0], [1, 2], [0, 4]]","['N', 'C', 'N', 'N', 'C', 'C', 'C', 'C', 'C', 'N']"
31112,"[[7, 8], [7, 4], [3, 4], [3, 2], [5, 1], [5, 6], [5, 4], [8, 0], [8, 9], [1, 0], [1, 2]]","['C', 'C', 'C', 'C', 'C', 'S', 'O', 'C', 'C', 'O']"
3179,"[[3, 1], [5, 6], [5, 2], [1, 0], [1, 4], [0, 2]]","['C', 'C', 'C', 'O', 'O', 'C', 'O']"
3180,"[[7, 6], [7, 4], [3, 5], [3, 6], [3, 2], [1, 0], [0, 2], [4, 2]]","['C', 'O', 'N', 'C', 'C', 'O', 'C', 'C']"
32362,"[[7, 3], [7, 6], [3, 2], [3, 9], [5, 6], [5, 4], [8, 6], [1, 0], [1, 2], [4, 2]]","['O', 'C', 'C', 'C', 'C', 'C', 'C', 'C', 'N', 'C']"
3323,"[[7, 2], [3, 0], [3, 9], [5, 1], [8, 2], [6, 1], [1, 0], [0, 4], [0, 2]]","['C', 'C', 'C', 'C', 'F', 'N', 'O', 'O', 'O', 'C']"
34208,"[[7, 6], [3, 1], [5, 4], [6, 0], [1, 0], [1, 2], [0, 4]]","['C', 'C', 'O', 'N', 'N', 'O', 'C', 'N']"
34254,"[[7, 8], [7, 6], [3, 4], [3, 2], [5, 0], [5, 4], [6, 4], [1, 0], [1, 2]]","['C', 'C', 'C', 'C', 'C', 'C', 'S', 'S', 'C']"
34410,"[[7, 6], [3, 5], [3, 4], [3, 2], [6, 2], [1, 0], [1, 2], [0, 2]]","['C', 'C', 'C', 'C', 'O', 'O', 'N', 'C']"
34844,"[[7, 8], [7, 6], [3, 1], [5, 4], [8, 9], [6, 0], [1, 0], [1, 2], [4, 2]]","['O', 'C', 'C', 'O', 'N', 'N', 'C', 'C', 'C', 'Cl']"
350,"[[7, 5], [7, 6], [3, 1], [3, 6], [5, 2], [8, 6], [1, 0], [1, 2], [4, 2]]","['N', 'C', 'C', 'C', 'S', 'C', 'C', 'C', 'Cl']"
35343,"[[7, 6], [3, 0], [3, 5], [3, 4], [8, 0], [8, 9], [6, 1], [1, 0], [1, 2], [4, 2]]","['N', 'C', 'N', 'C', 'N', 'O', 'C', 'C', 'C', 'C']"
35403,"[[7, 1], [7, 6], [3, 8], [3, 2], [5, 4], [5, 2], [8, 0], [6, 4], [1, 0]]","['C', 'C', 'C', 'C', 'C', 'N', 'C', 'N', 'N']"
3577,"[[7, 4], [7, 6], [7, 9], [3, 1], [3, 6], [5, 8], [5, 2], [8, 9], [1, 0], [1, 2], [4, 2]]","['O', 'C', 'C', 'C', 'C', 'C', 'C', 'N', 'C', 'C']"
35995,"[[7, 6], [3, 2], [3, 6], [3, 4], [5, 2], [8, 1], [1, 0], [1, 2], [0, 4]]","['N', 'C', 'N', 'C', 'N', 'N', 'N', 'N', 'S']"
36305,"[[7, 3], [3, 5], [3, 4], [3, 2], [5, 6], [8, 2], [1, 0], [1, 2], [0, 4]]","['C', 'C', 'N', 'C', 'O', 'C', 'O', 'C', 'C']"
3700,"[[7, 6], [7, 4], [3, 1], [3, 6], [5, 2], [5, 9], [8, 4], [8, 9], [1, 0], [1, 2], [4, 2]]","['O', 'C', 'C', 'C', 'C', 'C', 'C', 'C', 'S', 'C']"
3758,"[[7, 3], [7, 4], [3, 0], [5, 1], [5, 6], [6, 2], [1, 0], [1, 4], [0, 2]]","['C', 'N', 'N', 'S', 'N', 'C', 'N', 'C']"
37632,"[[7, 5], [3, 1], [3, 2], [5, 0], [8, 1], [6, 1], [1, 0], [9, 4], [0, 4], [4, 2]]","['C', 'C', 'N', 'O', 'C', 'N', 'O', 'O', 'C', 'C']"
37899,"[[7, 6], [3, 0], [3, 8], [3, 2], [5, 1], [5, 6], [1, 0], [1, 4], [4, 2]]","['N', 'C', 'N', 'C', 'N', 'C', 'C', 'N', 'C']"
3950,"[[7, 5], [7, 6], [3, 0], [3, 5], [3, 4], [8, 6], [6, 4], [1, 0], [0, 2]]","['C', 'N', 'O', 'N', 'N', 'C', 'C', 'N', 'N']"
39567,"[[7, 0], [3, 5], [3, 4], [3, 2], [6, 1], [6, 2], [1, 0]]","['C', 'C', 'C', 'C', 'O', 'O', 'N', 'C']"
40648,"[[7, 8], [7, 6], [3, 4], [3, 2], [5, 4], [6, 2], [1, 0], [1, 2], [0, 4]]","['O', 'C', 'C', 'O', 'S', 'O', 'C', 'C', 'Cl']"
41087,"[[7, 3], [7, 6], [3, 8], [3, 4], [3, 2], [5, 6], [5, 2], [8, 9], [1, 0], [1, 2], [0, 4]]","['C', 'C', 'N', 'C', 'C', 'C', 'C', 'C', 'C', 'O']"
4263,"[[7, 5], [7, 6], [3, 1], [3, 6], [5, 2], [8, 6], [1, 0], [1, 2], [4, 2]]","['S', 'C', 'C', 'C', 'S', 'N', 'C', 'N', 'S']"
4335,"[[7, 5], [7, 9], [3, 5], [3, 1], [8, 6], [6, 4], [1, 0], [0, 2], [4, 2]]","['S', 'S', 'S', 'S', 'C', 'C', 'C', 'C', 'N', 'N']"
4463,"[[7, 3], [7, 4], [3, 1], [5, 6], [5, 2], [8, 4], [6, 2], [1, 0], [1, 2], [4, 2]]","['C', 'C', 'C', 'N', 'C', 'C', 'C', 'N', 'O']"
4797,"[[7, 5], [7, 8], [3, 0], [3, 5], [3, 4], [8, 6], [8, 9], [6, 4], [1, 0], [0, 2]]","['N', 'O', 'O', 'C', 'C', 'C', 'C', 'C', 'N', 'O']"
4935,"[[7, 3], [7, 8], [3, 1], [3, 6], [5, 8], [5, 2], [1, 0], [1, 2], [4, 2]]","['O', 'C', 'C', 'C', 'I', 'C', 'I', 'C', 'N']"
52,"[[7, 2], [3, 0], [5, 1], [8, 2], [6, 1], [1, 0], [1, 4], [0, 2]]","['C', 'C', 'C', 'O', 'Br', 'C', 'C', 'Br', 'Br']"
5306,"[[7, 6], [7, 4], [3, 5], [3, 6], [3, 2], [5, 8], [1, 0], [0, 2], [4, 2]]","['C', 'N', 'C', 'C', 'C', 'C', 'C', 'S', 'N']"
5320,"[[4, 1], [4, 6], [9, 7], [2, 1], [5, 7], [5, 3], [3, 1], [6, 7], [7, 8], [0, 1]]","['B', 'N', 'C', 'C', 'C', 'C', 'C', 'N', 'B', 'C']"
5343,"[[7, 3], [7, 8], [3, 5], [3, 6], [3, 1], [5, 6], [8, 4], [1, 0], [1, 2], [1, 4]]","['Cl', 'Ni', 'Cl', 'N', 'N', 'C', 'C', 'C', 'C']"
559,"[[0, 1]]","['F', 'Li']"
5640,"[[7, 8], [7, 6], [3, 1], [5, 1], [6, 2], [1, 0], [1, 4], [0, 2]]","['C', 'S', 'C', 'O', 'O', 'O', 'C', 'C', 'O']"
5670,"[[7, 4], [7, 9], [3, 1], [5, 8], [5, 2], [8, 9], [6, 4], [1, 0], [0, 2], [4, 2]]","['C', 'N', 'C', 'O', 'N', 'C', 'C', 'C', 'C', 'C']"
6,"[[7, 4], [7, 9], [3, 0], [3, 5], [3, 4], [5, 8], [8, 9], [6, 4], [1, 0], [0, 2]]","['C', 'O', 'O', 'C', 'C', 'C', 'O', 'C', 'C', 'C']"
6004,"[[7, 2], [7, 9], [3, 0], [5, 1], [8, 2], [6, 1], [1, 0], [1, 4], [0, 2]]","['C', 'S', 'C', 'C', 'O', 'O', 'O', 'O', 'O', 'C']"
602,"[[7, 5], [7, 6], [3, 5], [3, 1], [6, 4], [1, 0], [1, 2], [4, 2]]","['S', 'C', 'C', 'N', 'C', 'C', 'C', 'C']"
6072,"[[0, 3], [0, 1], [0, 2]]","['N', 'O', 'O', 'O']"
6080,"[[7, 3], [7, 4], [3, 1], [3, 6], [5, 2], [5, 9], [8, 4], [8, 9], [1, 0], [1, 2], [4, 2]]","['O', 'C', 'N', 'C', 'C', 'N', 'O', 'N', 'N', 'C']"
6216,"[[7, 6], [3, 0], [5, 2], [8, 6], [6, 4], [1, 0], [1, 4], [0, 2]]","['C', 'O', 'C', 'O', 'N', 'C', 'N', 'O', 'O']"
6260,"[[7, 4], [3, 0], [5, 2], [8, 4], [6, 2], [1, 0], [1, 4], [0, 2]]","['C', 'S', 'C', 'C', 'C', 'N', 'N', 'N', 'N']"
6265,"[[7, 5], [7, 4], [3, 5], [3, 1], [5, 8], [6, 4], [1, 0], [1, 2], [4, 2]]","['C', 'C', 'C', 'N', 'C', 'C', 'S', 'N', 'S']"
6389,"[[3, 5], [3, 1], [5, 4], [1, 0], [1, 2], [4, 2]]","['N', 'C', 'S', 'S', 'C', 'C']"
6396,"[[7, 3], [7, 8], [3, 1], [3, 6], [5, 8], [5, 2], [1, 0], [1, 2], [4, 2]]","['C', 'N', 'C', 'C', 'O', 'C', 'S', 'S', 'C']"
642,"[[7, 8], [7, 4], [3, 1], [3, 6], [5, 8], [5, 2], [8, 6], [8, 9], [1, 0], [1, 2], [1, 4]]","['C', 'N', 'C', 'C', 'C', 'C', 'C', 'C', 'N', 'C']"
6484,"[[7, 5], [7, 9], [3, 5], [3, 1], [5, 4], [8, 6], [8, 9], [6, 4], [1, 0], [1, 2], [4, 2]]","['S', 'C', 'N', 'O', 'C', 'C', 'C', 'C', 'C', 'C']"
65,"[[7, 2], [3, 0], [3, 8], [3, 9], [5, 1], [6, 2], [1, 0], [1, 4], [0, 2]]","['C', 'C', 'C', 'C', 'C', 'C', 'O', 'O', 'O', 'O']"
6756,"[[7, 8], [7, 4], [3, 5], [3, 6], [3, 2], [8, 6], [1, 0], [0, 2], [4, 2]]","['C', 'O', 'C', 'C', 'N', 'O', 'C', 'C', 'C']"
6786,"[[7, 6], [3, 1], [5, 1], [8, 6], [6, 2], [1, 0], [1, 4], [0, 2]]","['C', 'S', 'C', 'O', 'O', 'O', 'C', 'C', 'O']"
68,"[[7, 2], [3, 0], [3, 8], [5, 1], [6, 1], [1, 0], [1, 4], [9, 4], [0, 2]]","['N', 'C', 'C', 'C', 'C', 'C', 'O', 'C', 'C', 'N']"
6998,"[[7, 8], [7, 4], [3, 5], [3, 6], [3, 2], [8, 6], [8, 9], [1, 0], [0, 2], [4, 2]]","['N', 'O', 'C', 'C', 'C', 'N', 'N', 'C', 'C', 'N']"
7280,"[[3, 5], [3, 1], [5, 4], [6, 4], [1, 0], [1, 2], [4, 2]]","['N', 'C', 'N', 'N', 'N', 'N', 'N']"
769,"[[7, 5], [7, 6], [3, 5], [3, 2], [6, 4], [1, 0], [0, 2], [4, 2]]","['C', 'C', 'C', 'C', 'N', 'C', 'C', 'C']"
7766,"[[7, 5], [7, 8], [3, 5], [3, 1], [5, 4], [8, 6], [8, 9], [6, 4], [1, 0], [1, 2], [4, 2]]","['O', 'S', 'C', 'C', 'C', 'C', 'O', 'O', 'C', 'O']"
7833,"[[3, 5], [3, 1], [5, 4], [1, 0], [1, 2], [4, 2]]","['N', 'C', 'N', 'Se', 'N', 'C']"
7909,"[[0, 3], [0, 1], [0, 4], [0, 2]]","['As', 'O', 'O', 'O', 'O']"
8124,"[[7, 8], [7, 4], [3, 1], [3, 6], [5, 8], [5, 2], [6, 4], [1, 0], [1, 2], [4, 2]]","['S', 'C', 'C', 'S', 'C', 'C', 'N', 'C', 'C']"
830,"[[7, 5], [7, 9], [3, 5], [3, 1], [8, 6], [6, 4], [6, 9], [1, 0], [1, 2], [4, 2]]","['S', 'C', 'S', 'N', 'S', 'C', 'C', 'C', 'S', 'N']"
8913,"[[7, 5], [7, 8], [3, 0], [5, 1], [8, 9], [6, 2], [1, 0], [0, 4], [0, 2]]","['C', 'C', 'O', 'C', 'C', 'C', 'C', 'C', 'O', 'C']"
906,"[[7, 5], [7, 6], [3, 1], [3, 6], [5, 2], [8, 6], [1, 0], [1, 2], [4, 2]]","['C', 'N', 'C', 'N', 'O', 'C', 'C', 'C', 'O']"
91,"[[3, 5], [3, 1], [5, 4], [6, 4], [1, 0], [1, 2], [4, 2]]","['O', 'C', 'N', 'C', 'C', 'S', 'S']"
9102,"[[7, 3], [7, 4], [7, 9], [3, 1], [3, 6], [5, 2], [5, 8], [5, 9], [1, 0], [1, 2], [4, 2]]","['O', 'C', 'C', 'C', 'C', 'C', 'O', 'C', 'O', 'N']"
9275,"[[7, 5], [7, 4], [3, 5], [3, 6], [3, 2], [5, 8], [8, 9], [6, 9], [1, 0], [0, 2], [4, 2]]","['S', 'C', 'C', 'N', 'N', 'C', 'N', 'N', 'N', 'C']"
9344,"[[7, 3], [7, 8], [7, 9], [3, 1], [5, 4], [5, 2], [8, 6], [6, 2], [1, 0], [1, 2], [4, 2]]","['O', 'C', 'C', 'N', 'N', 'N', 'C', 'C', 'N', 'O']"
9366,"[[7, 3], [7, 9], [3, 1], [5, 8], [5, 2], [6, 2], [1, 0], [1, 4], [0, 2]]","['N', 'C', 'C', 'N', 'N', 'C', 'O', 'C', 'C', 'N']"
940,"[[7, 6], [3, 1], [5, 1], [8, 6], [6, 2], [1, 0], [1, 4], [0, 2]]","['C', 'S', 'C', 'O', 'O', 'O', 'C', 'O', 'O']"
9833,"[[7, 8], [7, 4], [3, 5], [3, 6], [3, 1], [1, 0], [0, 2], [4, 2]]","['C', 'C', 'C', 'C', 'C', 'O', 'O', 'C', 'N']"
986,"[[7, 4], [7, 9], [3, 1], [3, 6], [5, 8], [5, 2], [8, 9], [6, 4], [1, 0], [1, 2], [4, 2]]","['O', 'C', 'C', 'O', 'N', 'C', 'N', 'C', 'C', 'C']"
990,"[[7, 3], [3, 0], [5, 1], [5, 9], [8, 4], [6, 2], [1, 0], [1, 4], [0, 2]]","['C', 'C', 'C', 'C', 'C', 'C', 'N', 'N', 'N', 'N']"
