graph_id,graph_edge_list
1002,"[[0, 1], [0, 3], [0, 4], [1, 2], [2, 6], [5, 6], [5, 7]]"
10124,"[[0, 1], [0, 3], [0, 4], [1, 2]]"
10136,"[[0, 1], [0, 3], [1, 2], [2, 4], [2, 5], [2, 6]]"
1015,"[[0, 1], [0, 3], [0, 4], [1, 2], [2, 6], [5, 6], [5, 7]]"
1017,"[[0, 1], [0, 3], [0, 5], [1, 2], [2, 6], [4, 6], [4, 7]]"
10322,"[[0, 1], [0, 3], [0, 5], [1, 2], [2, 4]]"
10324,"[[0, 1], [0, 3], [1, 2], [2, 8], [2, 6], [2, 7], [4, 8], [5, 7]]"
10345,"[[0, 1], [0, 3], [0, 5], [1, 2], [2, 4]]"
10346,"[[0, 1], [0, 3], [0, 5], [1, 2], [2, 4]]"
10416,"[[0, 1], [0, 3], [0, 5], [1, 2], [2, 4]]"
10437,"[[0, 8], [0, 1], [0, 3], [1, 2], [2, 5], [2, 6], [4, 9], [4, 5], [4, 6], [4, 7]]"
10442,"[[0, 1], [0, 3], [0, 5], [1, 2], [2, 4]]"
10451,"[[0, 1], [0, 3], [1, 2], [2, 4], [2, 6], [5, 6]]"
10556,"[[0, 1], [0, 3], [1, 2], [2, 4], [2, 5], [2, 6]]"
10673,"[[0, 1], [0, 3], [0, 5], [1, 2], [2, 6], [4, 6], [4, 7]]"
10675,"[[0, 1], [0, 3], [0, 5], [0, 9], [1, 2], [2, 7], [3, 4], [4, 7], [6, 8], [6, 7]]"
10725,"[[0, 1], [0, 3], [1, 2], [2, 5], [4, 5]]"
10728,"[[0, 1], [0, 3], [0, 6], [1, 2], [2, 4], [2, 5]]"
10897,"[[0, 1], [0, 3], [1, 2], [2, 4]]"
10914,"[[0, 1], [0, 3], [0, 5], [0, 7], [1, 2], [2, 6], [3, 4], [4, 6]]"
11004,"[[0, 1], [0, 3], [1, 2], [2, 4]]"
11030,"[[0, 1], [0, 3], [0, 5], [1, 2], [2, 4]]"
11076,"[[0, 1], [0, 3], [0, 5], [1, 2], [2, 4]]"
11093,"[[0, 1], [0, 3], [1, 2], [2, 5], [4, 5]]"
11124,"[[0, 1], [0, 3], [1, 2]]"
11128,"[[0, 1], [0, 3], [0, 5], [1, 2], [2, 4]]"
11150,"[[0, 1], [0, 3], [0, 5], [1, 2], [2, 4], [2, 6]]"
11163,"[[0, 1], [0, 3], [1, 2], [2, 6], [2, 7], [4, 8], [4, 7], [5, 6]]"
11187,"[[0, 1], [0, 3], [0, 5], [1, 2], [2, 6], [4, 6]]"
1122,"[[0, 1], [0, 3], [1, 2], [2, 4], [2, 5], [2, 6]]"
11222,"[[0, 1], [0, 3], [1, 2], [2, 4], [2, 5], [2, 6]]"
11296,"[[0, 1], [0, 3], [0, 5], [0, 7], [1, 2], [2, 6], [3, 4], [4, 6]]"
11324,"[[0, 1], [0, 3], [0, 7], [1, 2], [2, 5], [4, 5], [4, 6]]"
1139,"[[0, 1], [0, 3], [1, 2], [2, 8], [4, 8], [4, 6], [5, 8], [5, 7]]"
11437,"[[0, 1], [0, 3], [0, 5], [1, 2], [2, 4], [2, 6], [2, 7], [6, 8], [6, 7]]"
11462,"[[0, 1], [0, 3], [1, 2], [2, 4]]"
1151,"[[0, 8], [0, 1], [0, 3], [1, 2], [2, 6], [4, 6], [5, 6], [5, 7]]"
11549,"[[0, 1], [0, 3], [1, 2], [2, 4], [2, 6], [5, 6]]"
11550,"[[0, 1], [0, 3], [1, 2], [2, 4], [2, 6], [5, 6]]"
11645,"[[0, 1], [0, 3], [0, 5], [1, 2], [2, 4]]"
11650,"[[0, 8], [0, 1], [0, 3], [1, 2], [2, 5], [2, 6], [4, 9], [4, 5], [4, 6], [4, 7]]"
11697,"[[0, 1], [0, 3], [0, 7], [1, 2], [2, 5], [4, 5], [4, 6]]"
11820,"[[0, 1], [0, 3], [0, 6], [1, 2], [2, 4], [2, 5]]"
11823,"[[0, 1], [0, 3], [0, 5], [1, 2], [2, 9], [3, 4], [4, 8], [4, 7], [6, 8], [6, 9], [6, 7]]"
11862,"[[0, 1], [0, 3], [1, 2], [2, 6], [2, 7], [4, 7], [5, 6]]"
12005,"[[0, 1], [0, 3], [0, 5], [1, 2], [2, 4]]"
12045,"[[0, 1], [0, 3], [0, 5], [1, 2], [2, 4]]"
12111,"[[0, 1], [0, 3], [1, 2], [2, 4], [2, 5], [2, 6]]"
12118,"[[0, 1], [0, 3], [1, 2], [2, 4], [2, 5]]"
12144,"[[0, 1], [0, 3], [0, 5], [1, 2], [2, 4]]"
12242,"[[0, 1], [0, 3], [0, 5], [1, 2], [2, 6], [2, 7], [3, 4], [4, 6]]"
12477,"[[0, 1], [0, 3], [1, 2], [2, 4], [2, 5]]"
12566,"[[0, 1], [0, 3], [1, 2], [2, 4], [2, 5], [2, 6], [2, 7]]"
12583,"[[0, 1], [0, 3], [0, 5], [1, 2], [2, 7], [3, 4], [4, 8], [6, 8], [6, 7]]"
12591,"[[0, 1], [0, 3], [0, 5], [1, 2], [2, 6], [4, 6]]"
12711,"[[0, 1], [0, 3], [0, 5], [0, 7], [1, 2], [2, 6], [3, 4], [4, 6]]"
12715,"[[0, 1], [0, 3], [0, 5], [1, 2], [2, 4]]"
12753,"[[0, 1], [0, 3], [0, 5], [1, 2], [2, 4]]"
12755,"[[0, 1], [0, 3], [1, 2], [2, 8], [2, 4], [2, 7], [5, 8], [5, 9], [6, 7]]"
12859,"[[0, 8], [0, 1], [0, 3], [1, 2], [2, 4], [2, 5], [2, 6], [2, 7]]"
12860,"[[0, 8], [0, 1], [0, 3], [1, 2], [2, 4], [2, 5], [2, 6], [2, 7]]"
12878,"[[0, 1], [0, 3], [0, 5], [1, 2], [2, 6], [3, 4], [4, 6]]"
12885,"[[0, 1], [0, 3], [1, 2], [2, 4]]"
12913,"[[0, 1], [0, 3], [0, 5], [0, 7], [1, 2], [2, 6], [3, 4], [4, 6]]"
12921,"[[0, 1], [0, 3], [1, 2], [2, 4], [2, 5], [2, 6], [2, 7], [2, 8]]"
12949,"[[0, 1], [0, 3], [0, 5], [1, 2], [2, 6], [3, 4], [4, 6]]"
12967,"[[0, 1], [0, 3], [1, 2], [2, 6], [2, 7], [4, 8], [4, 7], [5, 6]]"
12984,"[[0, 1], [0, 3], [0, 5], [0, 7], [1, 2], [2, 6], [3, 4], [4, 6]]"
12987,"[[0, 1], [0, 3], [0, 5], [1, 2], [2, 6], [3, 4], [4, 6]]"
12989,"[[0, 1], [0, 3], [1, 2], [2, 4], [2, 5], [2, 6]]"
13049,"[[0, 1], [0, 3], [1, 2], [2, 4], [2, 5], [2, 6]]"
13162,"[[0, 1], [0, 3], [0, 5], [1, 2], [2, 4]]"
13195,"[[0, 1], [0, 3], [0, 5], [1, 2], [2, 6], [4, 6], [4, 7]]"
13288,"[[0, 1], [0, 3], [0, 5], [1, 2], [2, 6], [4, 6], [4, 7]]"
13479,"[[0, 1], [0, 3], [0, 5], [1, 2], [2, 6], [3, 4], [4, 6]]"
1358,"[[0, 1], [0, 3], [1, 2]]"
13707,"[[0, 1], [0, 3], [0, 5], [1, 2], [2, 4]]"
13760,"[[0, 1], [0, 3], [1, 2], [2, 4], [2, 5], [2, 6]]"
13768,"[[0, 1], [0, 3], [0, 5], [1, 2], [2, 9], [2, 6], [2, 7], [3, 4], [4, 6], [8, 9]]"
13772,"[[0, 1], [0, 3], [0, 5], [1, 2], [2, 4]]"
13792,"[[0, 1], [0, 3], [0, 5], [1, 2], [2, 9], [3, 4], [4, 8], [4, 7], [6, 8], [6, 9], [6, 7]]"
13824,"[[0, 1], [0, 3], [1, 2], [2, 5], [4, 5]]"
13884,"[[0, 1], [0, 3], [0, 5], [1, 2], [2, 4]]"
13887,"[[0, 1], [0, 3], [1, 2], [2, 4], [2, 5], [2, 6]]"
13945,"[[0, 1], [0, 3], [1, 2], [2, 4], [2, 5], [2, 6]]"
14023,"[[0, 1], [0, 3], [0, 5], [1, 2], [2, 4]]"
14110,"[[0, 1], [0, 3], [0, 5], [0, 7], [1, 2], [2, 8], [2, 6], [3, 4], [4, 8], [4, 6]]"
14148,"[[0, 1], [0, 3], [1, 2], [2, 6], [2, 7], [4, 8], [4, 7], [5, 6]]"
14194,"[[0, 1], [0, 3], [0, 5], [1, 2], [2, 9], [3, 4], [4, 8], [4, 7], [6, 8], [6, 9], [6, 7]]"
14272,"[[0, 1], [0, 3], [1, 2], [2, 8], [2, 4], [2, 7], [5, 8], [5, 9], [6, 7]]"
14359,"[[0, 1], [0, 3], [0, 7], [1, 2], [2, 5], [4, 5], [4, 6]]"
14408,"[[0, 1], [0, 3], [0, 5], [1, 2], [2, 6], [3, 4], [4, 6]]"
14430,"[[0, 1], [0, 3], [1, 2], [2, 5], [4, 5]]"
14522,"[[0, 1], [0, 3], [0, 5], [1, 2], [2, 9], [3, 4], [4, 8], [4, 7], [6, 8], [6, 9], [6, 7]]"
14613,"[[0, 1], [0, 3], [1, 2], [2, 5], [4, 5]]"
14819,"[[0, 1], [0, 3], [0, 5], [1, 2], [2, 9], [3, 4], [4, 8], [4, 7], [6, 8], [6, 9], [6, 7]]"
14895,"[[0, 1], [0, 3], [1, 2], [2, 8], [2, 4], [2, 7], [5, 8], [5, 9], [6, 7]]"
14966,"[[0, 1], [0, 3], [0, 6], [1, 2], [2, 4], [2, 5]]"
14970,"[[0, 1], [0, 3], [0, 5], [1, 2], [2, 6], [4, 6], [4, 7]]"
15064,"[[0, 8], [0, 1], [0, 3], [1, 2], [2, 5], [4, 5], [4, 6], [4, 7]]"
15125,"[[0, 1], [0, 3], [0, 6], [1, 2], [2, 4], [2, 5]]"
15165,"[[0, 1], [0, 3], [0, 6], [1, 2], [2, 4], [2, 5]]"
15251,"[[0, 1], [0, 3], [0, 5], [1, 2], [2, 6], [4, 6], [4, 7]]"
15259,"[[0, 1], [0, 3], [0, 5], [1, 2], [2, 6], [4, 6], [4, 7]]"
15313,"[[0, 1], [0, 3], [0, 5], [1, 2], [2, 4]]"
15314,"[[0, 1], [0, 3], [0, 9], [0, 5], [0, 7], [1, 2], [2, 8], [3, 4], [4, 8], [5, 6], [6, 8]]"
15376,"[[0, 1], [0, 3], [0, 5], [1, 2], [2, 4]]"
15403,"[[0, 1], [0, 3], [0, 5], [1, 2], [2, 4]]"
15418,"[[0, 1], [0, 3], [0, 5], [0, 7], [1, 2], [2, 6], [3, 4]]"
15442,"[[0, 1], [0, 3], [0, 5], [1, 2], [2, 4]]"
15460,"[[0, 1], [0, 3], [0, 5], [0, 7], [1, 2], [2, 6], [3, 4], [4, 6]]"
15468,"[[0, 1], [0, 3], [0, 5], [0, 7], [1, 2], [2, 6], [3, 4], [4, 6]]"
15474,"[[0, 8], [0, 1], [0, 3], [0, 5], [1, 2], [2, 9], [2, 7], [3, 4], [4, 6]]"
15480,"[[0, 1], [0, 3], [0, 5], [1, 2], [2, 4], [2, 6]]"
15483,"[[0, 8], [0, 1], [0, 3], [0, 5], [1, 2], [2, 6], [2, 9], [3, 4], [4, 6], [4, 7]]"
15484,"[[0, 8], [0, 1], [0, 3], [0, 5], [1, 2], [2, 6], [2, 9], [3, 4], [4, 6], [4, 7]]"
15495,"[[0, 1], [0, 3], [0, 5], [1, 2], [2, 4]]"
15518,"[[0, 1], [0, 3], [0, 5], [0, 7], [1, 2], [2, 6], [3, 4], [4, 6]]"
15530,"[[0, 1], [0, 3], [0, 9], [0, 5], [0, 7], [1, 2], [2, 8], [3, 4], [4, 8], [5, 6], [6, 8]]"
1556,"[[0, 1], [0, 3], [0, 5], [1, 2], [2, 4]]"
15560,"[[0, 1], [0, 3], [0, 5], [1, 2], [2, 4]]"
15576,"[[0, 1], [0, 3], [1, 2], [2, 4], [2, 5], [2, 6], [2, 7]]"
15673,"[[0, 1], [0, 3], [1, 2], [2, 4], [2, 5], [2, 6]]"
15777,"[[0, 1], [0, 3], [0, 6], [1, 2], [2, 4], [2, 5]]"
15780,"[[0, 1], [0, 3], [0, 5], [1, 2], [2, 6], [4, 6], [4, 7]]"
15806,"[[0, 1], [0, 3], [0, 6], [1, 2], [2, 4], [2, 5]]"
15824,"[[0, 1], [0, 3], [0, 5], [1, 2], [2, 7], [3, 4], [6, 7]]"
15836,"[[0, 1], [0, 3], [0, 5], [1, 2], [3, 4], [4, 7], [6, 7]]"
15844,"[[0, 1], [0, 3], [1, 2], [2, 4]]"
15857,"[[0, 1], [0, 3], [1, 2], [2, 4]]"
15922,"[[0, 1], [0, 3], [1, 2], [2, 4], [2, 5], [2, 6]]"
15994,"[[0, 1], [0, 3], [0, 5], [1, 2], [2, 6], [4, 6], [4, 7]]"
16032,"[[0, 1], [0, 3], [1, 2], [2, 6], [4, 5], [4, 6]]"
16087,"[[0, 1], [0, 3], [0, 6], [1, 2], [2, 4], [2, 5]]"
16089,"[[0, 1], [0, 3], [0, 5], [1, 2], [2, 6], [4, 6], [4, 7]]"
16180,"[[0, 1], [0, 3], [0, 5], [1, 2], [2, 6], [4, 6], [4, 7]]"
16258,"[[0, 1], [0, 3], [0, 5], [1, 2], [2, 6], [4, 6], [4, 7]]"
16308,"[[0, 1], [0, 3], [0, 5], [1, 2], [2, 6], [4, 6], [4, 7]]"
16401,"[[0, 1], [0, 3], [1, 2], [2, 4]]"
16429,"[[0, 1], [0, 3], [0, 6], [1, 2], [2, 4], [2, 5]]"
16434,"[[0, 1], [0, 3], [0, 5], [1, 2], [2, 6], [4, 6], [4, 7]]"
16543,"[[0, 1], [0, 3], [1, 2], [2, 6], [4, 5], [4, 6]]"
16545,"[[0, 1], [0, 3], [1, 2], [2, 5], [4, 5]]"
16832,"[[0, 1], [0, 3], [0, 5], [1, 2], [2, 6], [4, 6], [4, 7]]"
16894,"[[0, 1], [0, 3], [1, 2], [2, 4]]"
1702,"[[0, 1], [0, 3], [1, 2], [2, 6], [4, 7], [5, 6], [5, 7]]"
17063,"[[0, 1], [0, 3], [0, 6], [1, 2], [2, 4], [2, 5]]"
17150,"[[0, 1], [0, 3], [1, 2], [2, 4]]"
17246,"[[0, 1], [0, 3], [0, 5], [1, 2], [2, 9], [3, 4], [4, 8], [4, 7], [6, 8], [6, 9], [6, 7]]"
17248,"[[0, 1], [0, 3], [1, 2], [2, 8], [2, 5], [2, 6], [2, 7], [4, 8], [4, 7]]"
17255,"[[0, 1], [0, 3], [0, 5], [0, 7], [1, 2], [2, 6], [3, 4], [4, 6]]"
17379,"[[0, 1], [0, 3], [1, 2], [2, 5], [4, 8], [4, 9], [4, 5], [6, 9], [7, 8]]"
1740,"[[0, 1], [0, 3], [0, 5], [0, 7], [1, 2], [3, 4], [5, 6]]"
17438,"[[0, 1], [0, 3], [0, 5], [1, 2], [2, 6], [2, 7], [3, 4], [4, 7]]"
17568,"[[0, 1], [0, 3], [0, 6], [1, 2], [2, 4], [2, 5]]"
17569,"[[0, 1], [0, 3], [0, 6], [1, 2], [2, 4], [2, 5]]"
1762,"[[0, 1], [0, 3], [1, 2], [2, 6], [4, 5], [4, 6]]"
17647,"[[0, 1], [0, 3], [0, 5], [1, 2], [2, 6], [4, 6], [4, 7]]"
17656,"[[0, 1], [0, 3], [0, 7], [1, 2], [2, 5], [4, 5], [4, 6]]"
17709,"[[0, 1], [0, 3], [1, 2], [2, 4], [2, 5], [2, 6]]"
1777,"[[0, 1], [0, 3], [0, 5], [0, 7], [1, 2], [3, 4], [4, 6]]"
17957,"[[0, 1], [0, 3], [1, 2], [2, 4], [2, 6], [5, 6]]"
18005,"[[0, 1], [0, 3], [1, 2], [2, 4], [2, 6], [5, 6]]"
18094,"[[0, 1], [0, 3], [0, 5], [1, 2], [2, 6], [4, 6], [4, 7]]"
18147,"[[0, 1], [0, 3], [0, 5], [0, 7], [1, 2], [2, 6], [3, 4], [4, 6]]"
18251,"[[0, 1], [0, 3], [0, 5], [1, 2], [2, 6], [3, 4], [4, 6]]"
18258,"[[0, 1], [0, 3], [0, 5], [1, 2], [2, 4]]"
18359,"[[0, 1], [0, 3], [1, 2], [2, 4]]"
1838,"[[0, 1], [0, 3], [0, 5], [1, 2], [2, 9], [3, 4], [4, 8], [4, 7], [6, 8], [6, 9], [6, 7]]"
18387,"[[0, 1], [0, 3], [1, 2], [2, 4], [2, 6], [5, 6]]"
18424,"[[0, 1], [0, 3], [1, 2], [2, 4]]"
18487,"[[0, 8], [0, 1], [0, 3], [1, 2], [2, 5], [2, 6], [4, 5], [4, 6], [4, 7]]"
18512,"[[0, 1], [0, 3], [0, 6], [1, 2], [2, 4], [2, 5]]"
1852,"[[0, 1], [0, 3], [1, 2], [2, 5], [4, 5]]"
18579,"[[0, 1], [0, 3], [1, 2], [2, 6], [4, 5], [4, 6]]"
18610,"[[0, 1], [0, 3], [0, 5], [1, 2], [2, 8], [3, 4], [4, 7], [6, 8], [6, 7]]"
18640,"[[0, 1], [0, 3], [0, 6], [1, 2], [2, 4], [2, 5]]"
18686,"[[0, 1], [0, 3], [1, 2], [2, 8], [2, 5], [2, 6], [2, 9], [4, 9], [7, 8]]"
18743,"[[0, 1], [0, 3], [1, 2], [2, 5], [4, 5]]"
18798,"[[0, 1], [0, 3], [0, 5], [1, 2], [2, 6], [3, 4], [4, 6]]"
18799,"[[0, 1], [0, 3], [0, 5], [0, 9], [1, 2], [2, 8], [3, 4], [4, 7], [6, 8], [6, 7]]"
1883,"[[0, 1], [0, 3], [0, 5], [1, 2], [2, 6], [3, 4], [4, 6]]"
18885,"[[0, 8], [0, 1], [0, 3], [1, 2], [2, 6], [4, 6], [5, 6], [5, 7]]"
19072,"[[0, 1], [0, 3], [0, 9], [0, 5], [0, 7], [1, 2], [3, 4], [5, 6], [6, 8]]"
19211,"[[0, 1], [0, 3], [0, 5], [1, 2], [2, 4], [2, 7], [6, 8], [6, 7]]"
19261,"[[0, 1], [0, 3], [0, 5], [0, 6], [1, 2], [3, 4]]"
1944,"[[0, 1], [0, 3], [0, 6], [1, 2], [2, 4], [2, 5]]"
19494,"[[0, 1], [0, 3], [0, 7], [1, 2], [2, 4], [2, 5], [2, 6]]"
19506,"[[0, 1], [0, 3], [0, 5], [1, 2], [2, 6], [3, 4], [4, 6]]"
19573,"[[0, 1], [0, 3], [1, 2], [2, 4], [2, 6], [5, 6]]"
19578,"[[0, 1], [0, 3], [0, 5], [1, 2], [2, 6], [2, 7], [4, 8], [4, 6], [4, 7]]"
19640,"[[0, 1], [0, 3], [1, 2], [2, 4]]"
19798,"[[0, 1], [0, 3], [1, 2], [2, 4]]"
19802,"[[0, 1], [0, 3], [1, 2], [2, 5], [4, 5]]"
19836,"[[0, 1], [0, 3], [0, 5], [1, 2], [2, 9], [3, 4], [4, 8], [4, 7], [6, 8], [6, 9], [6, 7]]"
19883,"[[0, 1], [0, 3], [0, 5], [0, 7], [1, 2], [2, 6], [3, 4], [4, 6]]"
19900,"[[0, 1], [0, 3], [0, 5], [0, 9], [1, 2], [3, 4], [4, 8], [4, 6], [4, 7]]"
19920,"[[0, 1], [0, 3], [1, 2], [2, 4], [2, 6], [5, 6]]"
19956,"[[0, 8], [0, 1], [0, 3], [1, 2], [2, 6], [4, 6], [5, 6], [5, 7]]"
20077,"[[0, 1], [0, 3], [0, 5], [1, 2], [2, 6], [3, 4], [4, 6]]"
20113,"[[0, 8], [0, 1], [0, 3], [1, 2], [2, 6], [4, 6], [5, 6], [5, 7]]"
20145,"[[0, 1], [0, 3], [1, 2], [2, 4]]"
2018,"[[0, 1], [0, 3], [1, 2], [2, 5], [4, 5]]"
2020,"[[0, 1], [0, 3], [1, 2], [2, 4]]"
20201,"[[0, 8], [0, 1], [0, 3], [0, 5], [1, 2], [2, 6], [2, 9], [3, 4], [7, 9]]"
2021,"[[0, 1], [0, 3], [0, 5], [1, 2], [2, 4]]"
20219,"[[0, 1], [0, 3], [1, 2], [2, 4], [2, 5], [2, 6]]"
20337,"[[0, 1], [0, 3], [0, 6], [1, 2], [2, 4], [2, 5]]"
20350,"[[0, 1], [0, 3], [0, 9], [1, 2], [2, 6], [2, 7], [4, 8], [4, 6], [5, 8], [5, 7]]"
20351,"[[0, 1], [0, 3], [1, 2], [2, 6], [4, 5], [4, 6]]"
20357,"[[0, 1], [0, 3], [0, 5], [0, 7], [1, 2], [3, 4], [5, 6]]"
2055,"[[0, 1], [0, 3], [1, 2], [2, 4]]"
20662,"[[0, 1], [0, 3], [1, 2], [2, 4], [2, 5], [2, 6]]"
20960,"[[0, 1], [0, 3], [0, 5], [1, 2], [2, 6], [4, 6], [4, 7]]"
20962,"[[0, 1], [0, 3], [1, 2], [2, 8], [2, 5], [2, 6], [2, 7], [4, 8], [4, 7]]"
21202,"[[0, 8], [0, 1], [0, 3], [1, 2], [2, 6], [4, 6], [5, 6], [5, 7]]"
21207,"[[0, 1], [0, 3], [0, 5], [1, 2], [2, 6], [4, 6], [4, 7]]"
21258,"[[0, 1], [0, 3], [1, 2], [2, 6], [2, 7], [4, 8], [4, 7], [5, 6]]"
21261,"[[0, 1], [0, 3], [1, 2], [2, 5], [4, 5], [4, 7], [6, 7]]"
21376,"[[0, 1], [0, 3], [0, 5], [1, 2], [2, 4]]"
21487,"[[0, 8], [0, 1], [0, 3], [1, 2], [2, 6], [4, 6], [5, 6], [5, 7]]"
21558,"[[0, 1], [0, 3], [0, 5], [1, 2], [2, 4]]"
21638,"[[0, 1], [0, 3], [0, 6], [1, 2], [2, 4], [2, 5]]"
21652,"[[0, 1], [0, 3], [1, 2], [2, 4], [2, 5], [2, 6]]"
21668,"[[0, 1], [0, 3], [1, 2], [2, 4], [2, 5]]"
21683,"[[0, 1], [0, 3], [0, 5], [1, 2], [2, 6], [4, 6], [4, 7]]"
2172,"[[0, 1], [0, 3], [0, 5], [1, 2], [2, 8], [2, 6], [2, 7], [3, 4], [4, 8], [4, 6], [4, 7]]"
21779,"[[0, 1], [0, 3], [0, 5], [1, 2], [2, 9], [2, 6], [2, 7], [3, 4], [4, 6], [8, 9]]"
21797,"[[0, 1], [0, 3], [1, 2], [2, 4]]"
21815,"[[0, 1], [0, 3], [0, 6], [1, 2], [2, 4], [2, 5]]"
21837,"[[0, 1], [0, 3], [0, 5], [1, 2], [2, 4]]"
21852,"[[0, 1], [0, 3], [0, 6], [1, 2], [2, 5], [2, 7], [4, 8], [4, 7]]"
21900,"[[0, 1], [0, 3], [0, 5], [0, 7], [1, 2], [2, 6], [3, 4], [4, 6]]"
21940,"[[0, 1], [0, 3], [0, 5], [1, 2], [2, 4]]"
22065,"[[0, 1], [0, 3], [0, 5], [0, 9], [1, 2], [2, 7], [3, 4], [4, 7], [6, 8], [6, 7]]"
22085,"[[0, 1], [0, 3], [0, 5], [1, 2], [2, 8], [2, 6], [2, 7], [4, 8], [4, 9], [4, 6], [4, 7]]"
22137,"[[0, 1], [0, 3], [0, 5], [0, 9], [1, 2], [2, 7], [3, 4], [4, 8], [6, 8], [6, 7]]"
22234,"[[0, 1], [0, 3], [1, 2], [2, 6], [4, 5], [4, 6]]"
2226,"[[0, 1], [0, 3], [0, 7], [1, 2], [2, 4], [2, 5], [2, 6]]"
2231,"[[0, 1], [0, 3], [0, 5], [1, 2], [2, 4]]"
22546,"[[0, 1], [0, 3], [1, 2], [2, 4]]"
2257,"[[0, 1], [0, 3], [0, 5], [1, 2], [2, 4]]"
22694,"[[0, 1], [0, 3], [0, 5], [1, 2], [2, 4]]"
22729,"[[0, 1], [0, 3], [1, 2], [2, 5], [4, 5]]"
22730,"[[0, 1], [0, 3], [1, 2], [2, 5], [4, 5]]"
2277,"[[0, 1], [0, 3], [1, 2], [2, 6], [2, 7], [4, 8], [4, 7], [5, 6]]"
22793,"[[0, 1], [0, 3], [0, 5], [1, 2], [2, 6], [3, 4], [4, 6]]"
22805,"[[0, 1], [0, 3], [0, 9], [1, 2], [2, 6], [2, 7], [4, 8], [4, 6], [5, 8], [5, 7]]"
22819,"[[0, 1], [0, 3], [0, 5], [1, 2], [2, 9], [2, 6], [2, 7], [3, 4], [4, 6], [8, 9]]"
2291,"[[0, 1], [0, 3], [1, 2], [2, 4], [2, 5], [2, 6]]"
23054,"[[0, 1], [0, 3], [0, 5], [1, 2], [2, 4]]"
23060,"[[0, 1], [0, 3], [1, 2], [2, 4], [2, 5], [2, 6]]"
23063,"[[0, 1], [0, 3], [0, 5], [1, 2], [2, 9], [3, 4], [4, 8], [4, 7], [6, 8], [6, 9], [6, 7]]"
23094,"[[0, 1], [0, 3], [0, 5], [1, 2], [2, 4]]"
23108,"[[0, 1], [0, 3], [1, 2], [2, 4], [2, 5], [2, 6]]"
23154,"[[0, 1], [0, 3], [1, 2], [2, 4]]"
23219,"[[0, 1], [0, 3], [0, 5], [1, 2], [2, 6], [3, 4], [4, 6]]"
2324,"[[0, 1], [0, 3], [1, 2], [2, 4], [2, 5]]"
23311,"[[0, 1], [0, 3], [0, 5], [0, 9], [1, 2], [2, 7], [3, 4], [4, 7], [6, 8], [6, 7]]"
23351,"[[0, 8], [0, 1], [0, 3], [0, 5], [0, 7], [1, 2], [3, 4], [5, 6]]"
23422,"[[0, 1], [0, 3], [1, 2]]"
23512,"[[0, 1], [0, 3], [0, 5], [1, 2], [2, 4]]"
23566,"[[0, 1], [0, 3], [1, 2], [2, 8], [2, 5], [2, 6], [2, 7], [4, 8], [4, 7]]"
2359,"[[0, 1], [0, 3], [0, 7], [1, 2], [2, 5], [4, 5], [4, 6]]"
23673,"[[0, 1], [0, 3], [1, 2], [2, 5], [4, 5]]"
23704,"[[0, 1], [0, 3], [1, 2], [2, 5], [4, 5]]"
23718,"[[0, 1], [0, 3], [0, 5], [1, 2], [2, 4]]"
23721,"[[0, 1], [0, 3], [1, 2], [2, 6], [2, 7], [4, 8], [4, 9], [4, 7], [5, 6]]"
23830,"[[0, 1], [0, 3], [0, 5], [1, 2], [2, 4]]"
23866,"[[0, 1], [0, 3], [1, 2], [2, 4], [2, 6], [5, 6]]"
23891,"[[0, 1], [0, 3], [1, 2], [2, 4]]"
23983,"[[0, 1], [0, 3], [0, 5], [1, 2], [2, 9], [3, 4], [4, 8], [4, 7], [6, 8], [6, 9], [6, 7]]"
23984,"[[0, 1], [0, 3], [1, 2], [2, 4]]"
24028,"[[0, 1], [0, 3], [0, 5], [1, 2], [2, 9], [3, 4], [4, 8], [4, 7], [6, 8], [6, 9], [6, 7]]"
24067,"[[0, 1], [0, 3], [0, 5], [1, 2], [2, 4]]"
24144,"[[0, 1], [0, 3], [0, 7], [1, 2], [2, 5], [4, 5], [4, 6]]"
24206,"[[0, 1], [0, 3], [0, 5], [1, 2], [2, 6], [2, 7], [3, 4], [4, 6], [4, 7]]"
24286,"[[0, 1], [0, 3], [1, 2], [2, 5], [4, 5]]"
24297,"[[0, 1], [0, 3], [1, 2], [2, 4], [2, 5], [2, 6]]"
24375,"[[0, 1], [0, 3], [1, 2], [2, 4]]"
24441,"[[0, 1], [0, 3], [1, 2], [2, 8], [2, 5], [2, 6], [2, 7], [4, 8], [4, 7]]"
24448,"[[0, 1], [0, 3], [0, 5], [1, 2], [2, 4]]"
24492,"[[0, 1], [0, 3], [1, 2], [2, 5], [4, 5]]"
24545,"[[0, 1], [0, 3], [1, 2], [2, 8], [2, 6], [2, 7], [4, 8], [4, 7], [5, 6]]"
24698,"[[0, 1], [0, 3], [0, 5], [1, 2], [2, 6], [4, 6], [4, 7]]"
24705,"[[0, 1], [0, 3], [0, 5], [1, 2], [2, 6], [4, 6], [4, 7]]"
24787,"[[0, 1], [0, 3], [0, 5], [1, 2], [2, 6], [3, 4], [4, 6]]"
24794,"[[0, 1], [0, 3], [0, 5], [1, 2], [2, 9], [2, 6], [2, 7], [3, 4], [4, 6], [8, 9]]"
24797,"[[0, 1], [0, 3], [0, 5], [1, 2], [2, 4]]"
24817,"[[0, 1], [0, 3], [0, 5], [1, 2], [2, 6], [2, 7], [3, 4], [4, 6], [4, 7]]"
24861,"[[0, 1], [0, 3], [0, 6], [1, 2], [2, 4], [2, 5]]"
24998,"[[0, 8], [0, 1], [0, 3], [1, 2], [2, 6], [4, 6], [5, 6], [5, 7]]"
25033,"[[0, 1], [0, 3], [0, 5], [0, 9], [1, 2], [2, 7], [3, 4], [4, 7], [6, 8], [6, 7]]"
25034,"[[0, 1], [0, 3], [1, 2], [2, 4], [2, 5], [2, 6]]"
25066,"[[0, 1], [0, 3], [0, 5], [1, 2], [2, 4]]"
25162,"[[0, 1], [0, 3], [0, 5], [1, 2], [2, 7], [3, 4], [6, 7]]"
25164,"[[0, 1], [0, 3], [1, 2], [2, 7], [4, 5], [4, 6], [4, 7]]"
25210,"[[0, 1], [0, 3], [0, 5], [1, 2], [2, 6], [2, 7], [3, 4], [4, 6], [4, 7]]"
25313,"[[0, 1], [0, 3], [1, 2], [2, 4], [2, 5], [2, 7], [6, 7]]"
25374,"[[0, 1], [0, 3], [0, 5], [1, 2], [2, 7], [3, 4], [6, 7]]"
25396,"[[0, 1], [0, 3], [1, 2], [2, 4]]"
25426,"[[0, 1], [0, 3], [0, 5], [1, 2], [2, 6], [4, 6], [4, 7]]"
2544,"[[0, 1], [0, 3], [0, 7], [1, 2], [2, 5], [4, 5], [4, 6]]"
25440,"[[0, 1], [0, 3], [0, 5], [1, 2], [2, 6], [4, 6], [4, 7]]"
25460,"[[0, 1], [0, 3], [0, 6], [1, 2], [2, 4], [2, 5]]"
2553,"[[0, 1], [0, 3], [1, 2], [2, 5], [4, 5]]"
25554,"[[0, 1], [0, 3], [1, 2], [2, 4], [2, 6], [5, 6]]"
25572,"[[0, 1], [0, 3], [1, 2], [2, 4]]"
25591,"[[0, 1], [0, 3], [0, 7], [1, 2], [2, 5], [4, 5], [4, 6]]"
25606,"[[0, 1], [0, 3], [1, 2], [2, 6], [4, 5], [4, 6]]"
25609,"[[0, 1], [0, 3], [1, 2], [2, 4], [2, 6], [5, 6]]"
25690,"[[0, 1], [0, 3], [0, 5], [1, 2], [2, 9], [2, 7], [3, 4], [4, 8], [4, 6], [7, 8], [7, 9]]"
25704,"[[0, 1], [0, 3], [0, 6], [1, 2], [2, 4], [2, 5]]"
25766,"[[0, 1], [0, 3], [0, 5], [1, 2], [2, 6], [2, 7], [3, 4], [4, 7]]"
258,"[[0, 1], [0, 3], [1, 2], [2, 4], [2, 5]]"
25855,"[[0, 1], [0, 3], [1, 2], [2, 4]]"
25888,"[[0, 1], [0, 3], [0, 5], [1, 2], [2, 8], [3, 4], [4, 7], [6, 8], [6, 7]]"
2589,"[[0, 1], [0, 3], [0, 5], [1, 2], [2, 4]]"
2590,"[[0, 1], [0, 3], [0, 5], [1, 2], [2, 4]]"
25963,"[[0, 1], [0, 3], [0, 5], [0, 9], [1, 2], [2, 7], [3, 4], [4, 7], [6, 8], [6, 7]]"
25976,"[[0, 1], [0, 3], [1, 2], [2, 4]]"
25981,"[[0, 1], [0, 3], [1, 2], [2, 5], [4, 5]]"
25996,"[[0, 1], [0, 3], [0, 5], [1, 2], [2, 4], [2, 6], [2, 7]]"
26014,"[[0, 1], [0, 3], [1, 2], [2, 4]]"
26019,"[[0, 1], [0, 3], [1, 2], [2, 4], [2, 6], [5, 6]]"
26104,"[[0, 1], [0, 3], [0, 5], [1, 2], [2, 6], [3, 4], [4, 6]]"
26167,"[[0, 1], [0, 3], [0, 5], [1, 2], [2, 4]]"
26233,"[[0, 1], [0, 3], [1, 2], [2, 4], [2, 5], [2, 6]]"
26247,"[[0, 1], [0, 3], [1, 2], [2, 5], [4, 5]]"
26305,"[[0, 1], [0, 3], [0, 5], [1, 2], [2, 8], [2, 9], [2, 6], [2, 7], [3, 4], [4, 8], [4, 9], [4, 6], [4, 7]]"
26325,"[[0, 1], [0, 3], [1, 2], [2, 4], [2, 5], [2, 6]]"
26334,"[[0, 1], [0, 3], [1, 2], [2, 4]]"
26372,"[[0, 1], [0, 3], [0, 5], [1, 2], [2, 4]]"
26458,"[[0, 1], [0, 3], [0, 5], [0, 7], [1, 2], [2, 6], [3, 4], [4, 6]]"
26524,"[[0, 1], [0, 3], [0, 5], [0, 9], [1, 2], [2, 8], [3, 4], [4, 7], [6, 8], [6, 7]]"
26587,"[[0, 1], [0, 3], [0, 5], [1, 2], [2, 4]]"
26602,"[[0, 1], [0, 3], [0, 5], [1, 2], [2, 6], [4, 6], [4, 7]]"
26644,"[[0, 1], [0, 3], [0, 5], [1, 2], [2, 4]]"
26682,"[[0, 1], [0, 3], [0, 5], [1, 2], [2, 8], [4, 8], [4, 9], [4, 6], [4, 7]]"
26714,"[[0, 1], [0, 3], [1, 2], [2, 4], [2, 5], [2, 6]]"
26731,"[[0, 1], [0, 3], [1, 2], [2, 4], [2, 5], [2, 6]]"
26802,"[[0, 1], [0, 3], [0, 5], [1, 2], [2, 4]]"
2684,"[[0, 1], [0, 3], [1, 2], [2, 6], [4, 5], [4, 6]]"
26888,"[[0, 1], [0, 3], [1, 2], [2, 4]]"
269,"[[0, 1], [0, 3], [1, 2], [2, 6], [4, 5], [4, 6]]"
26900,"[[0, 1], [0, 3], [0, 5], [1, 2], [2, 4]]"
26931,"[[0, 1], [0, 3], [1, 2], [2, 8], [2, 5], [2, 6], [2, 7], [4, 8], [4, 7]]"
27090,"[[0, 1], [0, 3], [0, 5], [0, 7], [1, 2], [3, 4], [4, 9], [6, 8], [6, 9]]"
27103,"[[0, 1], [0, 3], [0, 6], [1, 2], [2, 4], [2, 5]]"
27166,"[[0, 1], [0, 3], [1, 2], [2, 5], [4, 5]]"
2721,"[[0, 1], [0, 3], [0, 5], [1, 2], [2, 6], [4, 6], [4, 7]]"
2722,"[[0, 1], [0, 3], [1, 2], [2, 4], [2, 5], [2, 6]]"
27240,"[[0, 1], [0, 3], [0, 5], [1, 2], [2, 9], [2, 6], [2, 7], [3, 4], [4, 6], [8, 9]]"
27360,"[[0, 1], [0, 3], [1, 2], [2, 6], [4, 5], [4, 6]]"
2743,"[[0, 1], [0, 3], [0, 6], [1, 2], [2, 4], [2, 5]]"
27437,"[[0, 8], [0, 1], [0, 3], [1, 2], [2, 6], [4, 6], [5, 6], [5, 7]]"
27532,"[[0, 1], [0, 3], [1, 2], [2, 4], [2, 5], [2, 6]]"
27652,"[[0, 1], [0, 3], [0, 5], [0, 9], [1, 2], [2, 7], [3, 4], [4, 7], [6, 8], [6, 7]]"
27696,"[[0, 1], [0, 3], [0, 5], [0, 9], [1, 2], [2, 7], [3, 4], [4, 7], [6, 8], [6, 7]]"
27697,"[[0, 1], [0, 3], [0, 5], [0, 9], [1, 2], [2, 7], [3, 4], [4, 7], [6, 8], [6, 7]]"
27712,"[[0, 1], [0, 3], [0, 5], [1, 2], [2, 6], [3, 4], [4, 6]]"
27843,"[[0, 1], [0, 3], [1, 2], [2, 4]]"
27926,"[[0, 1], [0, 3], [0, 5], [1, 2], [2, 9], [3, 4], [4, 8], [4, 7], [6, 8], [6, 9], [6, 7]]"
27975,"[[0, 1], [0, 3], [1, 2], [2, 6], [2, 7], [4, 7], [5, 6]]"
28017,"[[0, 1], [0, 3], [0, 6], [1, 2], [2, 4], [2, 5]]"
28073,"[[0, 1], [0, 3], [0, 5], [1, 2], [2, 8], [2, 4], [2, 6], [7, 8], [7, 9]]"
28113,"[[0, 1], [0, 3], [0, 5], [0, 9], [1, 2], [2, 7], [3, 4], [4, 7], [6, 8], [6, 7]]"
28135,"[[0, 1], [0, 3], [0, 6], [1, 2], [2, 4], [2, 5]]"
28140,"[[0, 1], [0, 3], [0, 6], [1, 2], [2, 4], [2, 5]]"
28205,"[[0, 1], [0, 3], [0, 5], [1, 2], [2, 6], [3, 4], [4, 6]]"
28230,"[[0, 1], [0, 3], [0, 4], [1, 2]]"
28307,"[[0, 1], [0, 3], [0, 5], [1, 2], [2, 6], [3, 4], [4, 6]]"
28410,"[[0, 1], [0, 3], [0, 5], [1, 2], [2, 6], [3, 4], [4, 6]]"
28415,"[[0, 1], [0, 3], [0, 5], [0, 6], [1, 2], [3, 4]]"
28570,"[[0, 1], [0, 3], [0, 5], [1, 2], [2, 8], [4, 8], [4, 9], [4, 6], [4, 7]]"
28729,"[[0, 1], [0, 3], [0, 5], [1, 2], [2, 4]]"
28760,"[[0, 1], [0, 3], [1, 2], [2, 6], [4, 5], [4, 6]]"
2897,"[[0, 1], [0, 3], [0, 5], [1, 2], [2, 4]]"
2900,"[[0, 1], [0, 3], [0, 5], [1, 2], [2, 6], [4, 6], [4, 7]]"
29373,"[[0, 1], [0, 3], [0, 5], [0, 7], [1, 2], [2, 8], [3, 4], [4, 8], [5, 6], [6, 8]]"
29391,"[[0, 1], [0, 3], [1, 2], [2, 7], [4, 5], [4, 6], [4, 7]]"
29440,"[[0, 1], [0, 3], [0, 4], [1, 2]]"
29612,"[[0, 1], [0, 3], [0, 5], [1, 2], [2, 6], [2, 7], [3, 4], [4, 6], [4, 7]]"
29681,"[[0, 1], [0, 3], [0, 7], [1, 2], [2, 5], [4, 5], [4, 6]]"
2971,"[[0, 1], [0, 3], [1, 2], [2, 4], [2, 5], [2, 6]]"
29711,"[[0, 1], [0, 3], [1, 2], [2, 5], [4, 5], [4, 6]]"
2973,"[[0, 1], [0, 3], [1, 2], [2, 4], [2, 5], [2, 6]]"
2974,"[[0, 1], [0, 3], [1, 2], [2, 4], [2, 5], [2, 6]]"
2975,"[[0, 1], [0, 3], [1, 2], [2, 4], [2, 5], [2, 6]]"
29760,"[[0, 1], [0, 3], [0, 5], [1, 2], [2, 6], [3, 4], [4, 6]]"
29781,"[[0, 1], [0, 3], [1, 2], [2, 5], [4, 5]]"
29785,"[[0, 1], [0, 3], [0, 7], [1, 2], [2, 5], [4, 5], [4, 6]]"
298,"[[0, 1], [0, 3], [0, 5], [1, 2], [2, 6], [3, 4], [4, 6]]"
29810,"[[0, 1], [0, 3], [1, 2], [2, 5], [4, 5], [4, 6]]"
29877,"[[0, 1], [0, 3], [0, 5], [1, 2], [2, 6], [3, 4], [4, 6]]"
2990,"[[0, 8], [0, 1], [0, 3], [0, 5], [1, 2], [2, 6], [2, 7], [3, 4], [4, 6], [4, 7]]"
29904,"[[0, 1], [0, 3], [0, 5], [0, 7], [1, 2], [2, 8], [3, 4], [4, 8], [6, 8], [6, 9]]"
29913,"[[0, 1], [0, 3], [0, 7], [1, 2], [2, 5], [4, 8], [4, 5], [4, 6]]"
29942,"[[0, 1], [0, 3], [1, 2], [2, 8], [2, 4], [2, 7], [5, 8], [5, 9], [6, 7]]"
29960,"[[0, 1], [0, 3], [0, 5], [1, 2], [2, 4], [2, 6]]"
3,"[[0, 1], [0, 3], [0, 5], [1, 2], [2, 6], [2, 7], [3, 4], [4, 6], [4, 7]]"
30011,"[[0, 1], [0, 3], [0, 5], [0, 7], [1, 2], [2, 8], [3, 4], [4, 8], [5, 6], [6, 8]]"
30091,"[[0, 1], [0, 3], [0, 7], [1, 2], [2, 5], [4, 5], [4, 6]]"
30095,"[[0, 1], [0, 3], [0, 5], [1, 2], [2, 6], [3, 4], [4, 6]]"
30097,"[[0, 1], [0, 3], [0, 5], [0, 9], [1, 2], [2, 7], [3, 4], [4, 7], [6, 8], [6, 7]]"
30173,"[[0, 1], [0, 3], [0, 5], [1, 2], [2, 8], [2, 6], [4, 6], [7, 8], [7, 9]]"
30218,"[[0, 1], [0, 3], [0, 5], [1, 2], [2, 6], [4, 6], [4, 7]]"
30264,"[[0, 1], [0, 3], [0, 5], [1, 2], [2, 4]]"
30370,"[[0, 1], [0, 3], [0, 5], [0, 7], [1, 2], [2, 8], [3, 4], [4, 8], [5, 6], [6, 8]]"
30405,"[[0, 1], [0, 3], [0, 7], [1, 2], [2, 5], [4, 5], [4, 6]]"
30439,"[[0, 1], [0, 3], [1, 2], [2, 5], [4, 5], [4, 6]]"
30579,"[[0, 1], [0, 3], [0, 5], [1, 2], [2, 4]]"
30621,"[[0, 1], [0, 3], [0, 5], [0, 9], [1, 2], [2, 7], [3, 4], [4, 7], [6, 8], [6, 7]]"
30688,"[[0, 1], [0, 3], [0, 5], [0, 9], [1, 2], [2, 7], [3, 4], [4, 7], [6, 8], [6, 7]]"
30770,"[[0, 1], [0, 3], [0, 5], [1, 2], [2, 6], [3, 4], [4, 6]]"
30788,"[[0, 1], [0, 3], [0, 5], [1, 2], [2, 4]]"
31019,"[[0, 1], [0, 3], [0, 7], [1, 2], [2, 5], [4, 8], [4, 5], [6, 8], [6, 9]]"
31022,"[[0, 1], [0, 3], [0, 4], [1, 2]]"
31036,"[[0, 1], [0, 3], [0, 5], [0, 9], [1, 2], [2, 7], [3, 4], [4, 7], [6, 8], [6, 7]]"
3111,"[[0, 1], [0, 3], [0, 5], [1, 2], [2, 4]]"
31146,"[[0, 1], [0, 3], [1, 2], [2, 4], [2, 5], [2, 6]]"
31162,"[[0, 1], [0, 3], [0, 5], [0, 7], [1, 2], [2, 8], [3, 4], [4, 8], [5, 6], [6, 8]]"
31167,"[[0, 1], [0, 3], [0, 5], [1, 2], [2, 6], [2, 7], [3, 4], [4, 6], [4, 7]]"
31174,"[[0, 1], [0, 3], [1, 2], [2, 5], [4, 5], [4, 6]]"
31234,"[[0, 1], [0, 3], [0, 7], [1, 2], [2, 8], [2, 4], [2, 5], [2, 6]]"
31293,"[[0, 1], [0, 3], [0, 5], [1, 2], [2, 4]]"
31322,"[[0, 1], [0, 3], [0, 6], [1, 2], [2, 4], [2, 5]]"
31452,"[[0, 1], [0, 3], [0, 5], [0, 9], [1, 2], [2, 7], [3, 4], [4, 7], [6, 8], [6, 7]]"
31522,"[[0, 1], [0, 3], [1, 2], [2, 5], [4, 5], [4, 6]]"
31637,"[[0, 1], [0, 3], [0, 7], [1, 2], [2, 5], [4, 5], [4, 6]]"
31696,"[[0, 1], [0, 3], [0, 5], [1, 2], [3, 4], [4, 6]]"
3176,"[[0, 1], [0, 3], [0, 7], [1, 2], [2, 5], [4, 8], [4, 5], [4, 6]]"
31776,"[[0, 1], [0, 3], [0, 5], [1, 2], [2, 7], [4, 8], [4, 6], [4, 7]]"
31938,"[[0, 1], [0, 3], [0, 5], [1, 2], [2, 6], [3, 4], [4, 6]]"
31943,"[[0, 1], [0, 3], [0, 5], [1, 2], [2, 6], [2, 7], [3, 4], [4, 6], [4, 7]]"
31947,"[[0, 1], [0, 3], [1, 2], [2, 5], [4, 5], [4, 6]]"
31993,"[[0, 1], [0, 3], [0, 5], [1, 2], [2, 7], [4, 8], [4, 6], [4, 7]]"
32062,"[[0, 1], [0, 3], [0, 6], [1, 2], [2, 4], [2, 5]]"
32100,"[[0, 1], [0, 3], [1, 2], [2, 5], [4, 5]]"
32155,"[[0, 1], [0, 3], [0, 5], [1, 2], [2, 6], [2, 7], [3, 4], [4, 6], [4, 7]]"
32249,"[[0, 1], [0, 3], [0, 5], [0, 7], [1, 2], [2, 6], [3, 4], [4, 6]]"
32276,"[[0, 1], [0, 3], [0, 6], [1, 2], [2, 5], [2, 7], [4, 8], [4, 7]]"
3228,"[[0, 8], [0, 1], [0, 3], [0, 5], [1, 2], [2, 6], [2, 7], [3, 4], [4, 6], [4, 7]]"
3236,"[[0, 1], [0, 3], [1, 2], [2, 8], [2, 5], [2, 7], [4, 8], [6, 7]]"
32406,"[[0, 1], [0, 3], [0, 5], [1, 2], [2, 6], [2, 7], [3, 4], [4, 6], [4, 7]]"
32422,"[[0, 1], [0, 3], [1, 2], [2, 5], [4, 5]]"
32426,"[[0, 1], [0, 3], [1, 2], [2, 4]]"
32544,"[[0, 1], [0, 3], [0, 5], [1, 2], [2, 4]]"
32552,"[[0, 1], [0, 3], [0, 5], [1, 2], [2, 7], [4, 8], [4, 6], [4, 7]]"
32568,"[[0, 1], [0, 3], [0, 5], [0, 9], [1, 2], [2, 7], [3, 4], [4, 8], [6, 8], [6, 7]]"
32574,"[[0, 8], [0, 1], [0, 3], [0, 5], [1, 2], [2, 7], [3, 4], [4, 6]]"
3265,"[[0, 1], [0, 3], [1, 2], [2, 4], [2, 5], [2, 6]]"
32835,"[[0, 1], [0, 3], [0, 5], [1, 2], [2, 6], [3, 4], [4, 6]]"
32948,"[[0, 1], [0, 3], [0, 5], [0, 7], [1, 2], [2, 8], [3, 4], [4, 8], [5, 6], [6, 8]]"
33058,"[[0, 1], [0, 3], [0, 7], [1, 2], [2, 5], [4, 5], [4, 6]]"
33066,"[[0, 1], [0, 3], [0, 5], [1, 2], [2, 4]]"
33074,"[[0, 1], [0, 3], [0, 5], [1, 2], [2, 6], [3, 4], [4, 6]]"
33085,"[[0, 1], [0, 3], [0, 5], [1, 2], [2, 4]]"
33188,"[[0, 1], [0, 3], [0, 5], [1, 2], [2, 6], [2, 9], [3, 4], [4, 8], [4, 6], [7, 8], [7, 9]]"
33230,"[[0, 1], [0, 3], [1, 2], [2, 4], [2, 5], [2, 6]]"
33389,"[[0, 1], [0, 3], [1, 2], [2, 4], [2, 5], [2, 6]]"
33459,"[[0, 1], [0, 3], [0, 5], [0, 9], [1, 2], [2, 7], [3, 4], [4, 7], [6, 8], [6, 7]]"
33527,"[[0, 1], [0, 3], [0, 4], [1, 2]]"
33546,"[[0, 1], [0, 3], [0, 5], [1, 2], [2, 6], [3, 4], [4, 6]]"
33548,"[[0, 1], [0, 3], [1, 2], [2, 5], [4, 5], [4, 6]]"
33665,"[[0, 1], [0, 3], [0, 5], [1, 2], [2, 6], [3, 4], [4, 6]]"
33737,"[[0, 1], [0, 3], [0, 5], [0, 9], [1, 2], [2, 7], [3, 4], [4, 7], [6, 8], [6, 7]]"
33828,"[[0, 1], [0, 3], [1, 2], [2, 4], [2, 5], [2, 6]]"
33865,"[[0, 1], [0, 3], [1, 2], [2, 5], [4, 5], [4, 6]]"
33879,"[[0, 1], [0, 3], [1, 2], [2, 5], [4, 5], [4, 6]]"
33895,"[[0, 1], [0, 3], [1, 2], [2, 8], [2, 4], [2, 6], [5, 8], [5, 6], [5, 7]]"
3400,"[[0, 1], [0, 3], [0, 6], [1, 2], [2, 4], [2, 5]]"
34175,"[[0, 1], [0, 3], [1, 2], [2, 7], [4, 8], [4, 5], [4, 6], [4, 7]]"
34202,"[[0, 1], [0, 3], [0, 5], [0, 9], [1, 2], [2, 7], [3, 4], [4, 7], [6, 8], [6, 7]]"
34224,"[[0, 1], [0, 3], [1, 2], [2, 8], [2, 4], [2, 7], [5, 8], [5, 9], [6, 7]]"
34292,"[[0, 1], [0, 3], [0, 6], [1, 2], [2, 4], [2, 5]]"
3430,"[[0, 1], [0, 3], [0, 5], [1, 2], [2, 8], [2, 6], [2, 7], [3, 4], [4, 8], [4, 7]]"
34304,"[[0, 1], [0, 3], [1, 2]]"
34316,"[[0, 1], [0, 3], [1, 2], [2, 8], [2, 4], [2, 7], [5, 8], [5, 9], [6, 7]]"
34320,"[[0, 1], [0, 3], [1, 2], [2, 6], [2, 7], [4, 8], [4, 9], [4, 7], [5, 6]]"
34414,"[[0, 1], [0, 3], [1, 2], [2, 5], [4, 5], [4, 6]]"
34464,"[[0, 1], [0, 3], [1, 2], [2, 8], [2, 4], [2, 7], [5, 8], [5, 9], [6, 7]]"
34758,"[[0, 1], [0, 3], [0, 5], [0, 7], [1, 2], [2, 9], [3, 4], [6, 8], [6, 9]]"
34812,"[[0, 1], [0, 3], [0, 7], [1, 2], [2, 5], [4, 5], [4, 6]]"
3491,"[[0, 1], [0, 3], [0, 5], [1, 2], [2, 4]]"
34917,"[[0, 1], [0, 3], [0, 5], [1, 2], [2, 6], [2, 7], [3, 4], [4, 6], [4, 7]]"
34919,"[[0, 1], [0, 3], [0, 5], [1, 2], [2, 7], [4, 8], [4, 6], [4, 7]]"
34936,"[[0, 1], [0, 3], [0, 5], [1, 2], [2, 6], [4, 6], [4, 7]]"
34990,"[[0, 1], [0, 3], [0, 5], [0, 9], [1, 2], [2, 7], [3, 4], [4, 7], [6, 8], [6, 7]]"
35052,"[[0, 1], [0, 3], [0, 5], [0, 7], [1, 2], [2, 8], [3, 4], [4, 8], [5, 6], [6, 8]]"
35070,"[[0, 1], [0, 3], [0, 5], [1, 2], [2, 6], [3, 4], [4, 6]]"
35208,"[[0, 1], [0, 3], [0, 5], [1, 2], [2, 6], [4, 6], [4, 7]]"
35237,"[[0, 1], [0, 3], [0, 5], [1, 2], [2, 6], [3, 4], [4, 6]]"
35247,"[[0, 1], [0, 3], [0, 5], [1, 2], [2, 4]]"
35311,"[[0, 8], [0, 1], [0, 3], [1, 2], [2, 5], [4, 5], [4, 6], [4, 7]]"
35339,"[[0, 1], [0, 3], [0, 5], [1, 2], [2, 6], [3, 4], [4, 6]]"
35404,"[[0, 1], [0, 3], [0, 7], [1, 2], [2, 5], [4, 5], [4, 6]]"
35446,"[[0, 1], [0, 3], [0, 5], [0, 9], [1, 2], [2, 7], [3, 4], [4, 7], [6, 8], [6, 7]]"
35457,"[[0, 1], [0, 3], [0, 5], [1, 2], [2, 9], [2, 6], [2, 7], [3, 4], [4, 6], [8, 9]]"
35562,"[[0, 1], [0, 3], [1, 2], [2, 4], [2, 5], [2, 6]]"
35643,"[[0, 1], [0, 3], [0, 5], [1, 2], [2, 6], [4, 6], [4, 7]]"
35675,"[[0, 1], [0, 3], [1, 2], [2, 5], [4, 5], [4, 6]]"
35786,"[[0, 8], [0, 1], [0, 3], [1, 2], [2, 6], [4, 6], [5, 6], [5, 7]]"
35876,"[[0, 1], [0, 3], [0, 5], [1, 2], [2, 7], [4, 8], [4, 6], [4, 7]]"
35943,"[[0, 1], [0, 3], [1, 2], [2, 4], [2, 5], [2, 6]]"
36052,"[[0, 1], [0, 3], [1, 2], [2, 8], [2, 4], [2, 7], [5, 8], [5, 9], [6, 7]]"
36258,"[[0, 1], [0, 3], [0, 5], [1, 2], [2, 8], [3, 4], [4, 6], [7, 8], [7, 9]]"
36295,"[[0, 1], [0, 3], [1, 2], [2, 5], [4, 5], [4, 7], [6, 8], [6, 7]]"
36402,"[[0, 1], [0, 3], [1, 2], [2, 4], [2, 5], [2, 6]]"
36414,"[[0, 1], [0, 3], [0, 5], [1, 2], [2, 7], [4, 8], [4, 6], [4, 7]]"
36418,"[[0, 1], [0, 3], [1, 2], [2, 5], [4, 5], [4, 6]]"
36474,"[[0, 1], [0, 3], [1, 2], [2, 5], [4, 5], [4, 6]]"
36520,"[[0, 1], [0, 3], [1, 2], [2, 4], [2, 5]]"
36524,"[[0, 1], [0, 3], [0, 5], [1, 2], [2, 6], [2, 7], [3, 4], [4, 6], [4, 7]]"
36657,"[[0, 1], [0, 3], [0, 5], [1, 2], [2, 9], [3, 4], [4, 8], [4, 7], [6, 8], [6, 9], [6, 7]]"
36675,"[[0, 1], [0, 3], [0, 5], [1, 2], [2, 9], [3, 4], [4, 8], [4, 6], [7, 8], [7, 9]]"
36762,"[[0, 1], [0, 3], [0, 5], [1, 2], [2, 4], [2, 6], [2, 7]]"
36936,"[[0, 1], [0, 3], [1, 2], [2, 4], [2, 5], [2, 6]]"
36997,"[[0, 8], [0, 1], [0, 3], [0, 5], [0, 7], [1, 2], [3, 4], [5, 6]]"
3720,"[[0, 1], [0, 3], [0, 5], [1, 2], [2, 4]]"
37317,"[[0, 1], [0, 3], [0, 5], [0, 7], [1, 2], [2, 6], [3, 4], [4, 6]]"
37333,"[[0, 1], [0, 3], [0, 5], [1, 2], [2, 4]]"
37334,"[[0, 1], [0, 3], [1, 2], [2, 8], [2, 4], [2, 7], [5, 8], [5, 9], [6, 7]]"
3734,"[[0, 1], [0, 3], [0, 5], [1, 2], [2, 4]]"
37352,"[[0, 1], [0, 3], [0, 7], [1, 2], [2, 5], [4, 5], [4, 6]]"
37469,"[[0, 1], [0, 3], [0, 5], [1, 2], [2, 6], [3, 4], [4, 6]]"
37514,"[[0, 1], [0, 3], [1, 2], [2, 5], [4, 5], [4, 6]]"
37531,"[[0, 1], [0, 3], [0, 5], [1, 2], [2, 4]]"
37599,"[[0, 1], [0, 3], [0, 5], [0, 9], [1, 2], [2, 7], [3, 4], [4, 7], [6, 8], [6, 7]]"
37638,"[[0, 1], [0, 3], [0, 5], [0, 7], [1, 2], [2, 6], [3, 4], [4, 6]]"
3765,"[[0, 1], [0, 3], [0, 5], [1, 2], [2, 4]]"
3766,"[[0, 1], [0, 3], [1, 2], [2, 4]]"
37714,"[[0, 1], [0, 3], [0, 5], [0, 9], [1, 2], [2, 7], [3, 4], [4, 7], [6, 8], [6, 7]]"
37786,"[[0, 1], [0, 3], [0, 9], [1, 2], [2, 5], [4, 8], [4, 5], [4, 6], [4, 7]]"
38019,"[[0, 1], [0, 3], [0, 5], [1, 2], [2, 6], [4, 6], [4, 7]]"
3822,"[[0, 1], [0, 3], [0, 5], [1, 2], [2, 4]]"
38227,"[[0, 1], [0, 3], [0, 5], [0, 7], [1, 2], [2, 8], [3, 4], [4, 8], [5, 6], [6, 8]]"
38298,"[[0, 1], [0, 3], [1, 2], [2, 4]]"
3831,"[[0, 1], [0, 3], [0, 7], [1, 2], [2, 5], [4, 5], [4, 6]]"
38311,"[[0, 1], [0, 3], [1, 2], [2, 4]]"
38453,"[[0, 1], [0, 3], [0, 5], [1, 2], [2, 6], [2, 7], [3, 4], [4, 6], [4, 7]]"
38512,"[[0, 1], [0, 3], [1, 2], [2, 4], [2, 5], [2, 6]]"
38585,"[[0, 1], [0, 3], [0, 7], [1, 2], [2, 5], [4, 5], [4, 6]]"
38652,"[[0, 1], [0, 3], [1, 2]]"
38713,"[[0, 1], [0, 3], [0, 5], [1, 2], [2, 8], [4, 8], [4, 9], [4, 6], [4, 7]]"
38883,"[[0, 1], [0, 3], [0, 5], [0, 7], [1, 2], [2, 6], [3, 4], [4, 6]]"
38907,"[[0, 1], [0, 3], [0, 5], [1, 2], [2, 4]]"
38977,"[[0, 1], [0, 3], [0, 5], [1, 2], [2, 8], [2, 6], [2, 7], [3, 4]]"
38985,"[[0, 1], [0, 3], [0, 5], [0, 9], [1, 2], [2, 7], [3, 4], [4, 7], [6, 8], [6, 7]]"
38993,"[[0, 1], [0, 3], [1, 2], [2, 4]]"
38999,"[[0, 1], [0, 3], [1, 2], [2, 8], [2, 5], [2, 6], [2, 7], [4, 8], [4, 7]]"
39035,"[[0, 1], [0, 3], [0, 5], [1, 2], [2, 4]]"
39228,"[[0, 1], [0, 3], [0, 5], [0, 7], [1, 2], [2, 6], [3, 4], [4, 6]]"
39260,"[[0, 1], [0, 3], [1, 2], [2, 4]]"
39305,"[[0, 1], [0, 3], [0, 7], [1, 2], [2, 5], [4, 5], [4, 6]]"
39322,"[[0, 1], [0, 3], [0, 5], [1, 2], [2, 4]]"
39325,"[[0, 1], [0, 3], [1, 2], [2, 4]]"
3937,"[[0, 1], [0, 3], [0, 5], [0, 7], [1, 2], [2, 6], [3, 4], [4, 6]]"
39381,"[[0, 1], [0, 3], [0, 5], [1, 2], [2, 4]]"
39397,"[[0, 1], [0, 3], [1, 2], [2, 8], [2, 4], [2, 7], [5, 8], [5, 9], [6, 7]]"
39473,"[[0, 1], [0, 3], [0, 7], [1, 2], [2, 5], [4, 5], [4, 6]]"
39492,"[[0, 1], [0, 3], [0, 5], [1, 2], [2, 6], [4, 6], [4, 7]]"
39664,"[[0, 1], [0, 3], [0, 7], [1, 2], [2, 5], [4, 5], [4, 6]]"
399,"[[0, 1], [0, 3], [1, 2], [2, 4], [2, 5], [2, 6]]"
39958,"[[0, 1], [0, 3], [0, 5], [0, 9], [1, 2], [2, 7], [3, 4], [4, 7], [6, 8], [6, 7]]"
40001,"[[0, 1], [0, 3], [1, 2], [2, 4], [2, 5], [2, 6]]"
40059,"[[0, 1], [0, 3], [0, 5], [1, 2], [2, 6], [3, 4], [4, 6]]"
40079,"[[0, 1], [0, 3], [0, 6], [1, 2], [2, 5], [2, 7], [4, 7]]"
40092,"[[0, 1], [0, 3], [1, 2], [2, 5], [4, 5], [4, 6]]"
40148,"[[0, 1], [0, 3], [1, 2], [2, 8], [2, 5], [2, 6], [2, 7], [4, 8], [4, 7]]"
40247,"[[0, 1], [0, 3], [0, 5], [1, 2], [2, 9], [2, 6], [2, 7], [3, 4], [4, 6], [8, 9]]"
40358,"[[0, 1], [0, 3], [0, 5], [0, 9], [1, 2], [2, 7], [3, 4], [4, 7], [6, 8], [6, 7]]"
40530,"[[0, 1], [0, 3], [0, 5], [1, 2], [2, 6], [2, 9], [3, 4], [4, 8], [4, 6], [7, 8], [7, 9]]"
40580,"[[0, 1], [0, 3], [0, 5], [1, 2], [2, 9], [3, 4], [4, 8], [4, 7], [6, 8], [6, 9], [6, 7]]"
40695,"[[0, 1], [0, 3], [0, 5], [1, 2], [2, 9], [2, 6], [2, 7], [3, 4], [4, 6], [8, 9]]"
40733,"[[0, 1], [0, 3], [0, 5], [1, 2], [2, 6], [3, 4], [4, 6]]"
40802,"[[0, 1], [0, 3], [0, 5], [1, 2], [2, 6], [3, 4], [4, 6]]"
4084,"[[0, 1], [0, 3], [0, 5], [1, 2], [2, 6], [4, 6], [4, 7]]"
4085,"[[0, 1], [0, 3], [0, 5], [1, 2], [2, 6], [4, 6], [4, 7]]"
40948,"[[0, 1], [0, 3], [0, 6], [1, 2], [2, 4], [2, 5]]"
40950,"[[0, 1], [0, 3], [0, 5], [1, 2], [2, 6], [4, 6], [4, 7]]"
41143,"[[0, 1], [0, 3], [0, 5], [1, 2], [2, 4], [2, 6], [4, 6], [4, 7]]"
41224,"[[0, 1], [0, 3], [0, 7], [1, 2], [2, 5], [4, 5], [4, 6]]"
41268,"[[0, 1], [0, 3], [0, 5], [1, 2], [2, 6], [2, 7], [3, 4], [4, 6], [4, 7]]"
41322,"[[0, 1], [0, 3], [1, 2], [2, 4]]"
41332,"[[0, 1], [0, 3], [0, 5], [1, 2], [2, 4], [2, 6], [2, 7], [6, 8], [6, 7]]"
41384,"[[0, 1], [0, 3], [0, 9], [0, 5], [0, 7], [1, 2], [3, 4], [5, 6], [6, 8]]"
4142,"[[0, 1], [0, 3], [1, 2], [2, 5], [4, 5]]"
41458,"[[0, 1], [0, 3], [0, 5], [1, 2], [2, 6], [4, 6], [4, 7]]"
41481,"[[0, 1], [0, 3], [0, 4], [1, 2]]"
41483,"[[0, 1], [0, 3], [0, 5], [0, 7], [1, 2], [3, 4], [5, 6]]"
41487,"[[0, 1], [0, 3], [0, 5], [0, 7], [1, 2], [3, 4], [5, 6]]"
4150,"[[0, 1], [0, 3], [1, 2], [2, 4], [2, 5], [2, 6]]"
41502,"[[0, 1], [0, 3], [0, 5], [1, 2], [2, 8], [3, 4], [4, 7], [6, 8], [6, 7]]"
41519,"[[0, 1], [0, 3], [1, 2], [2, 4], [2, 5], [2, 6], [2, 7], [2, 8], [2, 9], [5, 6], [5, 7], [8, 9]]"
41712,"[[0, 1], [0, 3], [0, 7], [1, 2], [2, 5], [4, 5], [4, 6]]"
41749,"[[0, 1], [0, 3], [0, 5], [1, 2], [2, 9], [3, 4], [4, 8], [6, 8], [6, 9], [6, 7]]"
41760,"[[0, 1], [0, 3], [0, 5], [1, 2], [2, 6], [4, 6], [4, 7]]"
41788,"[[0, 1], [0, 3], [0, 5], [1, 2], [2, 9], [3, 4], [4, 8], [6, 8], [6, 9], [6, 7]]"
418,"[[0, 1], [0, 3], [0, 5], [0, 9], [1, 2], [2, 7], [3, 4], [4, 7], [6, 8], [6, 7]]"
41815,"[[0, 1], [0, 3], [0, 7], [1, 2], [2, 5], [4, 5], [4, 6]]"
41847,"[[0, 1], [0, 3], [0, 5], [1, 2], [2, 4]]"
41940,"[[0, 1], [0, 3], [0, 5], [1, 2], [2, 6], [3, 4], [4, 6]]"
42045,"[[0, 1], [0, 3], [0, 5], [1, 2], [2, 6], [3, 4], [4, 6]]"
42227,"[[0, 1], [0, 3], [0, 7], [1, 2], [2, 5], [4, 5], [4, 6]]"
42228,"[[0, 1], [0, 3], [0, 7], [1, 2], [2, 5], [4, 5], [4, 6]]"
42324,"[[0, 1], [0, 3], [0, 5], [1, 2], [2, 9], [3, 4], [4, 8], [4, 7], [6, 8], [6, 9], [6, 7]]"
42327,"[[0, 1], [0, 3], [0, 5], [1, 2], [2, 4]]"
42328,"[[0, 1], [0, 3], [0, 6], [1, 2], [2, 8], [2, 4], [2, 5], [7, 8]]"
42461,"[[0, 1], [0, 3], [0, 7], [1, 2], [2, 5], [4, 5], [4, 6]]"
42532,"[[0, 1], [0, 3], [0, 5], [1, 2], [2, 6], [3, 4], [4, 6]]"
4254,"[[0, 1], [0, 3], [0, 5], [1, 2], [2, 4]]"
42567,"[[0, 1], [0, 3], [0, 5], [0, 7], [1, 2], [2, 6], [3, 4], [4, 6]]"
42599,"[[0, 1], [0, 3], [1, 2]]"
42669,"[[0, 1], [0, 3], [1, 2], [2, 4]]"
42675,"[[0, 1], [0, 3], [0, 5], [1, 2], [2, 4]]"
42841,"[[0, 1], [0, 3], [1, 2], [2, 8], [2, 5], [2, 6], [4, 8], [4, 7]]"
43019,"[[0, 1], [0, 3], [1, 2], [2, 4], [2, 5], [2, 6]]"
43030,"[[0, 1], [0, 3], [1, 2], [2, 6], [2, 7], [4, 8], [4, 7], [5, 6]]"
43065,"[[0, 1], [0, 3], [1, 2], [2, 5], [4, 5]]"
43108,"[[0, 1], [0, 3], [0, 5], [0, 7], [1, 2], [2, 6], [3, 4], [4, 6]]"
43125,"[[0, 1], [0, 3], [0, 5], [1, 2], [2, 4]]"
4319,"[[0, 1], [0, 3], [0, 6], [1, 2], [2, 4], [2, 5]]"
43253,"[[0, 1], [0, 3], [0, 7], [1, 2], [2, 5], [4, 5], [4, 6]]"
43257,"[[0, 1], [0, 3], [0, 5], [0, 7], [1, 2], [2, 8], [3, 4], [4, 8], [5, 6], [6, 8]]"
43370,"[[0, 1], [0, 3], [0, 5], [1, 2], [2, 4]]"
43424,"[[0, 1], [0, 3], [1, 2], [2, 8], [2, 5], [2, 6], [2, 7], [4, 8], [4, 7]]"
43465,"[[0, 1], [0, 3], [0, 5], [0, 6], [1, 2], [3, 4]]"
43573,"[[0, 1], [0, 3], [0, 5], [1, 2], [2, 6], [4, 6], [4, 7]]"
43632,"[[0, 1], [0, 3], [0, 5], [1, 2], [2, 6], [3, 4], [4, 6]]"
43662,"[[0, 1], [0, 3], [0, 5], [1, 2], [2, 4]]"
4367,"[[0, 1], [0, 3], [0, 5], [0, 6], [1, 2], [3, 4]]"
43722,"[[0, 1], [0, 3], [0, 6], [1, 2], [2, 4], [2, 5]]"
43800,"[[0, 1], [0, 3], [1, 2], [2, 4], [2, 5], [2, 6], [2, 7]]"
4388,"[[0, 1], [0, 3], [0, 5], [1, 2], [2, 8], [3, 4], [4, 7], [6, 8], [6, 9], [6, 7]]"
43886,"[[0, 1], [0, 3], [0, 5], [1, 2], [2, 8], [4, 8], [4, 9], [4, 6], [4, 7]]"
43930,"[[0, 1], [0, 3], [0, 5], [1, 2], [2, 8], [4, 8], [4, 9], [4, 6], [4, 7]]"
43992,"[[0, 1], [0, 3], [0, 5], [1, 2], [2, 8], [2, 6], [3, 4], [4, 7], [6, 8], [6, 7]]"
44051,"[[0, 1], [0, 3], [0, 5], [1, 2], [2, 4]]"
4408,"[[0, 1], [0, 3], [1, 2], [2, 8], [2, 4], [2, 7], [5, 8], [5, 9], [6, 7]]"
4414,"[[0, 1], [0, 3], [1, 2], [2, 4], [2, 6], [2, 7], [4, 7], [5, 6]]"
44222,"[[0, 1], [0, 3], [1, 2], [2, 8], [2, 5], [2, 6], [2, 7], [4, 8], [4, 7]]"
44283,"[[0, 1], [0, 3], [0, 5], [1, 2], [2, 4]]"
4429,"[[0, 1], [0, 3], [0, 5], [0, 9], [1, 2], [2, 7], [3, 4], [6, 8], [6, 7]]"
44335,"[[0, 1], [0, 3], [0, 5], [0, 9], [1, 2], [2, 7], [3, 4], [4, 7], [6, 8], [6, 7]]"
44345,"[[0, 1], [0, 3], [0, 5], [1, 2], [2, 4]]"
44444,"[[0, 1], [0, 3], [0, 5], [1, 2], [2, 8], [4, 8], [4, 9], [4, 6], [4, 7]]"
44468,"[[0, 1], [0, 3], [1, 2], [2, 6], [2, 7], [4, 8], [4, 7], [5, 6]]"
44661,"[[0, 1], [0, 3], [1, 2], [2, 5], [4, 5]]"
44721,"[[0, 1], [0, 3], [1, 2]]"
44816,"[[0, 1], [0, 3], [0, 7], [1, 2], [2, 5], [4, 5], [4, 6]]"
44822,"[[0, 1], [0, 3], [0, 5], [1, 2], [2, 6], [3, 4], [4, 6]]"
44873,"[[0, 1], [0, 3], [1, 2]]"
4497,"[[0, 1], [0, 3], [1, 2], [2, 5], [4, 5], [4, 6]]"
44983,"[[0, 1], [0, 3], [0, 7], [1, 2], [2, 5], [4, 5], [4, 6]]"
45197,"[[0, 1], [0, 3], [1, 2], [2, 5], [4, 5], [4, 6], [4, 7]]"
45299,"[[0, 1], [0, 3], [0, 5], [1, 2], [2, 4]]"
45435,"[[0, 1], [0, 3], [0, 5], [1, 2], [2, 6], [2, 7], [3, 4], [4, 6], [4, 7]]"
45444,"[[0, 1], [0, 3], [1, 2], [2, 4]]"
45498,"[[0, 1], [0, 3], [0, 5], [1, 2], [2, 4]]"
45585,"[[0, 1], [0, 3], [0, 6], [1, 2], [2, 4], [2, 5], [2, 7]]"
45626,"[[0, 1], [0, 3], [0, 5], [0, 7], [1, 2], [2, 6], [3, 4], [4, 6]]"
45628,"[[0, 1], [0, 3], [0, 6], [1, 2], [2, 4], [2, 5]]"
4567,"[[0, 1], [0, 3], [1, 2], [2, 4], [2, 5]]"
4591,"[[0, 1], [0, 3], [0, 5], [0, 9], [1, 2], [2, 7], [3, 4], [6, 8], [6, 7]]"
4592,"[[0, 1], [0, 3], [0, 5], [0, 6], [1, 2], [3, 4]]"
46097,"[[0, 1], [0, 3], [0, 5], [1, 2], [2, 8], [3, 4], [4, 7], [6, 8], [6, 9], [6, 7]]"
46287,"[[0, 1], [0, 3], [1, 2], [2, 8], [2, 5], [2, 6], [2, 7], [4, 8], [4, 7]]"
46334,"[[0, 1], [0, 3], [0, 5], [1, 2], [2, 4]]"
46346,"[[0, 1], [0, 3], [1, 2], [2, 5], [2, 6], [2, 7], [4, 8], [4, 6], [4, 7]]"
46355,"[[0, 1], [0, 3], [1, 2], [2, 4]]"
46411,"[[0, 1], [0, 3], [1, 2], [2, 5], [4, 5]]"
46648,"[[0, 1], [0, 3], [0, 5], [1, 2], [2, 4]]"
46751,"[[0, 1], [0, 3], [0, 5], [0, 9], [1, 2], [2, 7], [3, 4], [4, 7], [6, 8], [6, 7]]"
46769,"[[0, 1], [0, 3], [1, 2], [2, 5], [4, 5]]"
46841,"[[0, 1], [0, 3], [1, 2], [2, 4], [2, 5], [2, 6]]"
46872,"[[0, 1], [0, 3], [1, 2], [2, 5], [4, 5]]"
47001,"[[0, 1], [0, 3], [0, 6], [1, 2], [2, 8], [2, 4], [2, 5], [7, 8]]"
47022,"[[0, 1], [0, 3], [1, 2], [2, 5], [4, 5]]"
47074,"[[0, 1], [0, 3], [0, 5], [1, 2], [2, 7], [3, 4], [4, 8], [6, 8], [6, 7]]"
47075,"[[0, 1], [0, 3], [0, 5], [1, 2], [2, 7], [3, 4], [4, 8], [6, 8], [6, 7]]"
47087,"[[0, 1], [0, 3], [0, 5], [0, 9], [1, 2], [2, 7], [3, 4], [4, 7], [6, 8], [6, 7]]"
47206,"[[0, 1], [0, 3], [1, 2]]"
4734,"[[0, 1], [0, 3], [1, 2], [2, 5], [4, 8], [4, 5], [4, 6], [7, 8]]"
4761,"[[0, 1], [0, 3], [0, 5], [0, 9], [1, 2], [2, 7], [3, 4], [4, 7], [6, 8], [6, 7]]"
4797,"[[0, 1], [0, 3], [1, 2], [2, 5], [2, 6], [4, 5], [4, 6]]"
4930,"[[0, 8], [0, 1], [0, 3], [1, 2], [2, 5], [2, 6], [4, 9], [4, 5], [4, 6], [4, 7]]"
4958,"[[0, 1], [0, 3], [0, 5], [1, 2], [3, 4]]"
4990,"[[0, 1], [0, 3], [0, 7], [1, 2], [2, 4], [2, 5], [2, 6]]"
5004,"[[0, 1], [0, 3], [1, 2], [2, 5], [4, 8], [4, 5], [4, 6], [7, 8]]"
5078,"[[0, 1], [0, 3], [1, 2], [2, 4], [2, 5], [2, 6]]"
5086,"[[0, 1], [0, 3], [0, 5], [1, 2], [2, 4]]"
511,"[[0, 1], [0, 3], [1, 2], [2, 4]]"
5230,"[[0, 1], [0, 3], [0, 7], [1, 2], [2, 5], [4, 5], [4, 6]]"
5263,"[[0, 1], [0, 3], [1, 2], [2, 5], [2, 6], [2, 7], [4, 7]]"
5309,"[[0, 8], [0, 1], [0, 3], [1, 2], [2, 5], [2, 6], [4, 9], [4, 5], [4, 6], [4, 7]]"
5384,"[[0, 1], [0, 3], [0, 5], [0, 7], [1, 2], [2, 6], [3, 4], [4, 6]]"
5405,"[[0, 1], [0, 3], [1, 2], [2, 8], [2, 4], [2, 7], [5, 8], [5, 9], [6, 7]]"
5475,"[[0, 1], [0, 3], [0, 5], [1, 2], [2, 4]]"
5556,"[[0, 1], [0, 3], [0, 7], [1, 2], [2, 5], [4, 5], [4, 6]]"
556,"[[0, 1], [0, 3], [0, 5], [0, 7], [1, 2], [2, 6], [3, 4], [4, 6]]"
557,"[[0, 1], [0, 3], [0, 5], [1, 2], [2, 4]]"
5577,"[[0, 1], [0, 3], [1, 2], [2, 6], [2, 7], [4, 8], [4, 7], [5, 6]]"
5579,"[[0, 1], [0, 3], [0, 5], [1, 2], [2, 4]]"
5717,"[[0, 1], [0, 3], [0, 5], [1, 2], [2, 4], [2, 6]]"
6009,"[[0, 1], [0, 3], [0, 5], [1, 2], [2, 4]]"
6019,"[[0, 1], [0, 3], [0, 6], [1, 2], [2, 4], [2, 5]]"
6113,"[[0, 1], [0, 3], [0, 5], [1, 2], [2, 6], [4, 6], [4, 7]]"
6124,"[[0, 1], [0, 3], [1, 2], [2, 8], [2, 4], [2, 7], [5, 8], [5, 9], [6, 7]]"
6212,"[[0, 1], [0, 3], [1, 2], [2, 8], [2, 4], [2, 7], [5, 8], [5, 9], [6, 7]]"
6222,"[[0, 1], [0, 3], [0, 5], [1, 2], [2, 6], [2, 9], [3, 4], [4, 8], [4, 6], [7, 8], [7, 9]]"
6234,"[[0, 1], [0, 3], [1, 2], [2, 5], [2, 6], [4, 8], [4, 5], [7, 8]]"
6253,"[[0, 1], [0, 3], [0, 5], [1, 2], [2, 4], [2, 7], [6, 8], [6, 7]]"
6254,"[[0, 1], [0, 3], [1, 2], [2, 8], [2, 4], [2, 5], [2, 6], [7, 8]]"
6335,"[[0, 1], [0, 3], [0, 5], [1, 2], [2, 6], [3, 4], [4, 6]]"
6481,"[[0, 1], [0, 3], [1, 2], [2, 4], [2, 5], [2, 6]]"
65,"[[0, 1], [0, 3], [1, 2], [2, 4]]"
6652,"[[0, 1], [0, 3], [0, 5], [1, 2], [2, 6], [4, 6], [4, 7]]"
6715,"[[0, 1], [0, 3], [0, 7], [1, 2], [2, 5], [4, 5], [4, 6]]"
6734,"[[0, 1], [0, 3], [1, 2], [2, 5], [4, 5]]"
6755,"[[0, 1], [0, 3], [1, 2], [2, 4], [2, 5], [2, 6]]"
678,"[[0, 1], [0, 3], [0, 5], [0, 7], [1, 2], [2, 6], [3, 4], [4, 6]]"
6825,"[[0, 1], [0, 3], [1, 2], [2, 4], [2, 6], [5, 6]]"
6885,"[[0, 1], [0, 3], [0, 5], [1, 2], [2, 6], [4, 6], [4, 7]]"
6913,"[[0, 1], [0, 3], [1, 2], [2, 4], [2, 6], [5, 6]]"
6952,"[[0, 1], [0, 3], [1, 2], [2, 4], [2, 5], [2, 6]]"
6965,"[[0, 1], [0, 3], [0, 5], [1, 2], [2, 4]]"
6973,"[[0, 1], [0, 3], [0, 6], [1, 2], [2, 5], [2, 7], [4, 8], [4, 7]]"
7145,"[[0, 1], [0, 3], [1, 2], [2, 6], [2, 7], [4, 8], [4, 7], [5, 6]]"
7175,"[[0, 1], [0, 3], [0, 5], [1, 2], [2, 6], [4, 6], [4, 7]]"
7215,"[[0, 1], [0, 3], [0, 5], [1, 2], [2, 6], [2, 7], [3, 4], [4, 6], [4, 7]]"
7276,"[[0, 1], [0, 3], [1, 2], [2, 8], [2, 4], [2, 7], [5, 8], [5, 9], [6, 7]]"
730,"[[0, 1], [0, 3], [0, 5], [0, 7], [1, 2], [2, 6], [3, 4], [4, 6]]"
7360,"[[0, 1], [0, 3], [0, 5], [1, 2], [2, 4], [2, 6]]"
7483,"[[0, 1], [0, 3], [0, 7], [1, 2], [2, 5], [4, 5], [4, 6]]"
7487,"[[0, 1], [0, 3], [0, 6], [1, 2], [2, 4], [2, 5]]"
7525,"[[0, 1], [0, 3], [1, 2], [2, 4], [2, 6], [5, 6]]"
7584,"[[0, 1], [0, 3], [0, 6], [1, 2], [2, 4], [2, 5]]"
7607,"[[0, 1], [0, 3], [1, 2], [2, 4], [2, 5], [2, 6]]"
7659,"[[0, 1], [0, 3], [0, 5], [1, 2], [2, 6], [4, 6], [4, 7]]"
7668,"[[0, 8], [0, 1], [0, 3], [0, 5], [0, 7], [1, 2], [3, 4], [5, 6]]"
7676,"[[0, 1], [0, 3], [0, 5], [1, 2], [2, 6], [3, 4], [4, 6]]"
7687,"[[0, 1], [0, 3], [1, 2], [2, 8], [2, 5], [2, 6], [2, 7], [4, 8], [4, 7]]"
7693,"[[0, 1], [0, 3], [1, 2], [2, 8], [2, 4], [2, 7], [5, 8], [5, 9], [6, 7]]"
7733,"[[0, 1], [0, 3], [1, 2], [2, 4], [2, 5], [2, 6]]"
7746,"[[0, 1], [0, 3], [1, 2], [2, 4], [2, 6], [5, 6]]"
7794,"[[0, 1], [0, 3], [0, 6], [1, 2], [2, 4], [2, 5]]"
7852,"[[0, 1], [0, 3], [1, 2], [2, 4]]"
7947,"[[0, 1], [0, 3], [0, 5], [1, 2], [2, 6], [4, 6], [4, 7]]"
7978,"[[0, 1], [0, 3], [1, 2], [2, 4], [2, 5], [2, 6]]"
7984,"[[0, 1], [0, 3], [0, 6], [1, 2], [2, 4], [2, 5]]"
8039,"[[0, 1], [0, 3], [0, 5], [1, 2], [2, 6], [4, 6], [4, 7]]"
8050,"[[0, 8], [0, 1], [0, 3], [0, 5], [1, 2], [2, 6], [2, 7], [3, 4], [4, 6], [4, 7]]"
8068,"[[0, 1], [0, 3], [0, 5], [1, 2], [2, 6], [2, 7], [3, 4], [4, 6], [4, 7]]"
8071,"[[0, 1], [0, 3], [0, 5], [1, 2], [2, 6], [3, 4], [4, 6]]"
8073,"[[0, 1], [0, 3], [0, 5], [1, 2], [2, 6], [3, 4], [4, 6]]"
8093,"[[0, 1], [0, 3], [1, 2], [2, 8], [2, 4], [2, 7], [5, 8], [5, 9], [6, 7]]"
8097,"[[0, 1], [0, 3], [1, 2], [2, 4], [2, 6], [5, 6]]"
821,"[[0, 1], [0, 3], [0, 5], [1, 2], [2, 8], [2, 4], [2, 6], [2, 7]]"
8241,"[[0, 1], [0, 3], [0, 5], [1, 2], [2, 6], [4, 6], [4, 7]]"
8254,"[[0, 1], [0, 3], [0, 6], [1, 2], [2, 4], [2, 5]]"
8290,"[[0, 1], [0, 3], [1, 2], [2, 8], [2, 7], [2, 9], [4, 9], [5, 8], [6, 7]]"
8335,"[[0, 1], [0, 3], [0, 4], [1, 2]]"
8343,"[[0, 1], [0, 3], [0, 5], [1, 2], [2, 4]]"
8346,"[[0, 1], [0, 3], [0, 5], [1, 2], [2, 6], [4, 6], [4, 7]]"
8524,"[[0, 1], [0, 3], [0, 5], [1, 2], [2, 7], [3, 4], [4, 8], [4, 7], [6, 8]]"
8567,"[[0, 1], [0, 3], [1, 2], [2, 4], [2, 5], [2, 6]]"
8572,"[[0, 1], [0, 3], [0, 5], [1, 2], [2, 4]]"
8640,"[[0, 1], [0, 3], [0, 5], [1, 2], [2, 4]]"
8642,"[[0, 1], [0, 3], [0, 5], [1, 2], [2, 4]]"
8774,"[[0, 1], [0, 3], [0, 6], [1, 2], [2, 4], [2, 5]]"
8804,"[[0, 1], [0, 3], [1, 2], [2, 6], [2, 7], [4, 8], [4, 7], [5, 6]]"
8854,"[[0, 1], [0, 3], [0, 7], [1, 2], [2, 5], [4, 5], [4, 6]]"
8876,"[[0, 1], [0, 3], [1, 2], [2, 6], [2, 7], [4, 8], [4, 7], [5, 6]]"
8882,"[[0, 1], [0, 3], [1, 2], [2, 4], [2, 6], [5, 6]]"
8886,"[[0, 1], [0, 3], [0, 5], [1, 2], [2, 4]]"
8904,"[[0, 9], [0, 3], [0, 5], [0, 1], [1, 2], [2, 8], [3, 4], [4, 8], [4, 6], [4, 7]]"
8914,"[[0, 1], [0, 3], [1, 2], [2, 4]]"
9003,"[[0, 1], [0, 3], [0, 5], [0, 9], [1, 2], [2, 7], [3, 4], [4, 7], [6, 8], [6, 7]]"
9007,"[[0, 1], [0, 3], [1, 2], [2, 6], [2, 7], [4, 8], [4, 7], [5, 6]]"
9012,"[[0, 1], [0, 3], [1, 2], [2, 4]]"
9072,"[[0, 1], [0, 3], [1, 2], [2, 8], [2, 6], [4, 8], [5, 6], [5, 7]]"
9141,"[[0, 1], [0, 3], [0, 7], [1, 2], [2, 5], [4, 5], [4, 6]]"
9333,"[[0, 1], [0, 3], [0, 6], [1, 2], [2, 4], [2, 5]]"
9468,"[[0, 1], [0, 3], [0, 5], [1, 2], [2, 6], [2, 7], [3, 4], [4, 6], [4, 7]]"
9518,"[[0, 1], [0, 3], [0, 6], [1, 2], [2, 4], [2, 5]]"
9528,"[[0, 1], [0, 3], [1, 2], [2, 4], [2, 5], [2, 6]]"
9567,"[[0, 1], [0, 3], [1, 2], [2, 8], [2, 6], [2, 7], [4, 8], [5, 7]]"
9604,"[[0, 1], [0, 3], [0, 5], [1, 2], [2, 6], [4, 6], [4, 7]]"
9607,"[[0, 1], [0, 3], [1, 2], [2, 4]]"
9619,"[[0, 1], [0, 3], [1, 2], [2, 8], [2, 4], [2, 7], [5, 8], [5, 9], [6, 7]]"
9683,"[[0, 1], [0, 3], [0, 5], [1, 2], [2, 4]]"
9707,"[[0, 1], [0, 3], [0, 5], [0, 9], [1, 2], [2, 7], [3, 4], [4, 7], [6, 8], [6, 7]]"
9809,"[[0, 1], [0, 3], [0, 6], [1, 2], [2, 4], [2, 5]]"
9825,"[[0, 1], [0, 3], [0, 5], [1, 2], [2, 4], [2, 7], [6, 8], [6, 7]]"
9833,"[[0, 1], [0, 3], [0, 5], [1, 2], [2, 4]]"
9901,"[[0, 1], [0, 3], [0, 6], [1, 2], [2, 4], [2, 5]]"
9919,"[[0, 1], [0, 3], [1, 2], [2, 5], [4, 5]]"
9960,"[[0, 1], [0, 3], [0, 5], [1, 2], [2, 4], [2, 6]]"
9977,"[[0, 1], [0, 3], [0, 6], [1, 2], [2, 8], [2, 4], [2, 5], [7, 8]]"
10327,"[[0, 8], [0, 1], [0, 3], [0, 5], [1, 2], [2, 7], [3, 4], [4, 6]]"
10405,"[[0, 1], [0, 3], [0, 5], [1, 2], [2, 4]]"
10502,"[[0, 1], [0, 3], [1, 2], [2, 5], [4, 5]]"
10540,"[[0, 1], [0, 3], [1, 2], [2, 4], [2, 6], [5, 6]]"
10596,"[[0, 1], [0, 3], [1, 2], [2, 6], [2, 7], [4, 8], [4, 7], [5, 6]]"
10598,"[[0, 8], [0, 1], [0, 3], [0, 5], [1, 2], [2, 6], [2, 7], [3, 4], [4, 6], [4, 7]]"
10972,"[[0, 1], [0, 3], [1, 2], [2, 4]]"
11035,"[[0, 1], [0, 3], [1, 2], [2, 6], [4, 5], [4, 6]]"
11285,"[[0, 1], [0, 3], [1, 2], [2, 8], [2, 4], [2, 7], [5, 8], [5, 9], [6, 7]]"
11488,"[[0, 8], [0, 1], [0, 3], [1, 2], [2, 5], [2, 6], [4, 5], [4, 6], [4, 7]]"
1157,"[[0, 1], [0, 3], [0, 5], [0, 7], [1, 2], [2, 6], [3, 4], [4, 6]]"
12494,"[[0, 1], [0, 3], [0, 5], [1, 2], [2, 4]]"
12549,"[[0, 1], [0, 3], [0, 5], [0, 9], [1, 2], [2, 7], [3, 4], [4, 7], [6, 8], [6, 7]]"
12958,"[[0, 1], [0, 3], [0, 5], [1, 2], [2, 6], [4, 6], [4, 7]]"
13250,"[[0, 1], [0, 3], [1, 2], [2, 6], [4, 5], [4, 6]]"
13511,"[[0, 1], [0, 3], [1, 2], [2, 4], [2, 6], [5, 6]]"
13731,"[[0, 1], [0, 3], [0, 5], [1, 2], [2, 4]]"
13810,"[[0, 8], [0, 1], [0, 3], [1, 2], [2, 6], [4, 6], [5, 6], [5, 7]]"
13954,"[[0, 1], [0, 3], [0, 5], [1, 2], [2, 9], [2, 6], [2, 7], [3, 4], [4, 6], [8, 9]]"
1399,"[[0, 1], [0, 3], [1, 2], [2, 5], [2, 6], [4, 8], [4, 5], [4, 6], [7, 8]]"
14507,"[[0, 1], [0, 3], [1, 2], [2, 4]]"
14540,"[[0, 1], [0, 3], [0, 5], [1, 2], [2, 4]]"
15006,"[[0, 1], [0, 3], [0, 5], [1, 2], [2, 9], [3, 4], [4, 8], [4, 7], [6, 8], [6, 9], [6, 7]]"
15293,"[[0, 1], [0, 3], [1, 2], [2, 5], [4, 5]]"
15920,"[[0, 1], [0, 3], [1, 2], [2, 8], [2, 5], [2, 6], [2, 7], [4, 8], [4, 7]]"
15961,"[[0, 1], [0, 3], [0, 5], [1, 2], [2, 6], [4, 6], [4, 7]]"
16888,"[[0, 1], [0, 3], [0, 5], [1, 2], [2, 6], [4, 6], [4, 7]]"
17955,"[[0, 1], [0, 3], [1, 2], [2, 6], [4, 5], [4, 6]]"
18000,"[[0, 1], [0, 3], [1, 2], [2, 6], [4, 5], [4, 6]]"
18001,"[[0, 1], [0, 3], [0, 5], [1, 2], [2, 4]]"
18025,"[[0, 1], [0, 3], [0, 5], [1, 2], [2, 6], [3, 4], [4, 6]]"
18163,"[[0, 1], [0, 3], [1, 2], [2, 5], [4, 5]]"
18266,"[[0, 1], [0, 3], [0, 5], [1, 2], [2, 8], [3, 4], [4, 7], [6, 8], [6, 7]]"
18446,"[[0, 1], [0, 3], [1, 2], [2, 6], [4, 5], [4, 6]]"
18626,"[[0, 1], [0, 3], [0, 5], [1, 2], [2, 4]]"
19801,"[[0, 1], [0, 3], [1, 2], [2, 5], [4, 5]]"
20821,"[[0, 1], [0, 3], [1, 2], [2, 4]]"
21316,"[[0, 1], [0, 3], [0, 5], [1, 2], [2, 4]]"
21574,"[[0, 1], [0, 3], [1, 2], [2, 8], [2, 5], [2, 6], [2, 7], [4, 8], [4, 7]]"
21659,"[[0, 1], [0, 3], [0, 5], [1, 2], [2, 4]]"
21752,"[[0, 1], [0, 3], [1, 2], [2, 4]]"
21976,"[[0, 8], [0, 1], [0, 3], [1, 2], [2, 6], [4, 6], [5, 6], [5, 7]]"
22321,"[[0, 1], [0, 3], [0, 5], [1, 2], [2, 4]]"
22351,"[[0, 1], [0, 3], [1, 2], [2, 4], [2, 5], [2, 6]]"
22471,"[[0, 1], [0, 3], [0, 7], [1, 2], [2, 5], [4, 5], [4, 6]]"
22731,"[[0, 1], [0, 3], [0, 5], [1, 2], [2, 9], [2, 6], [2, 7], [3, 4], [4, 6], [8, 9]]"
23168,"[[0, 1], [0, 3], [1, 2], [2, 4], [2, 5], [2, 6]]"
23230,"[[0, 1], [0, 3], [0, 5], [1, 2], [2, 4]]"
23249,"[[0, 1], [0, 3], [0, 5], [1, 2], [2, 4]]"
23328,"[[0, 1], [0, 3], [0, 5], [1, 2], [2, 4]]"
23605,"[[0, 1], [0, 3], [0, 5], [1, 2], [2, 4]]"
23758,"[[0, 1], [0, 3], [0, 5], [1, 2], [2, 6], [3, 4], [4, 6]]"
23885,"[[0, 8], [0, 1], [0, 3], [1, 2], [2, 6], [4, 6], [5, 6], [5, 7]]"
24295,"[[0, 1], [0, 3], [1, 2], [2, 4]]"
24484,"[[0, 1], [0, 3], [1, 2], [2, 8], [2, 5], [2, 6], [2, 7], [4, 8], [4, 7]]"
24533,"[[0, 1], [0, 3], [0, 5], [1, 2], [2, 9], [2, 6], [2, 7], [3, 4], [4, 6], [8, 9]]"
24799,"[[0, 1], [0, 3], [0, 5], [1, 2], [2, 4]]"
25136,"[[0, 1], [0, 3], [1, 2], [2, 4], [2, 6], [5, 6]]"
25407,"[[0, 1], [0, 3], [0, 5], [1, 2], [2, 6], [4, 6], [4, 7]]"
25430,"[[0, 1], [0, 3], [0, 5], [1, 2], [2, 4]]"
25473,"[[0, 1], [0, 3], [0, 5], [1, 2], [2, 4]]"
25867,"[[0, 1], [0, 3], [1, 2], [2, 5], [4, 5]]"
26623,"[[0, 1], [0, 3], [0, 5], [1, 2], [2, 6], [2, 7], [3, 4], [4, 6], [4, 7]]"
26934,"[[0, 1], [0, 3], [1, 2], [2, 4]]"
26945,"[[0, 1], [0, 3], [1, 2], [2, 4]]"
26948,"[[0, 1], [0, 3], [0, 5], [1, 2], [2, 4]]"
27028,"[[0, 1], [0, 3], [1, 2], [2, 4]]"
27078,"[[0, 1], [0, 3], [0, 5], [1, 2], [2, 8], [3, 4], [4, 9], [4, 7], [6, 8], [6, 9]]"
27157,"[[0, 1], [0, 3], [0, 6], [1, 2], [2, 4], [2, 5]]"
27193,"[[0, 1], [0, 3], [0, 5], [1, 2], [2, 4]]"
27279,"[[0, 1], [0, 3], [0, 5], [1, 2], [2, 4]]"
27533,"[[0, 1], [0, 3], [0, 6], [1, 2], [2, 8], [2, 4], [2, 5], [7, 8]]"
27716,"[[0, 1], [0, 3], [0, 5], [0, 9], [1, 2], [2, 7], [3, 4], [4, 7], [6, 8], [6, 7]]"
27856,"[[0, 8], [0, 1], [0, 3], [0, 5], [1, 2], [2, 6], [2, 7], [3, 4], [4, 7]]"
27867,"[[0, 1], [0, 3], [1, 2], [2, 4]]"
2863,"[[0, 1], [0, 3], [1, 2], [2, 4], [2, 5], [4, 5]]"
28784,"[[0, 1], [0, 3], [0, 5], [1, 2], [3, 4]]"
28948,"[[0, 1], [0, 3], [0, 4], [1, 2]]"
29063,"[[0, 1], [0, 3], [1, 2], [2, 4], [2, 5]]"
29178,"[[0, 1], [0, 3], [0, 4], [1, 2]]"
29238,"[[0, 1], [0, 3], [1, 2], [2, 5], [4, 5], [4, 6], [4, 7]]"
29252,"[[0, 1], [0, 3], [0, 7], [1, 2], [2, 5], [4, 5], [4, 6]]"
29272,"[[0, 1], [0, 3], [0, 5], [0, 7], [1, 2], [3, 4], [4, 6]]"
29520,"[[0, 1], [0, 3], [1, 2], [2, 4]]"
29676,"[[0, 1], [0, 3], [0, 5], [1, 2], [2, 6], [3, 4], [4, 6]]"
29855,"[[0, 1], [0, 3], [0, 5], [1, 2], [2, 6], [3, 4], [4, 6]]"
29976,"[[0, 1], [0, 3], [0, 6], [1, 2], [2, 4], [2, 5]]"
30039,"[[0, 1], [0, 3], [0, 5], [0, 9], [1, 2], [2, 7], [3, 4], [4, 7], [6, 8], [6, 7]]"
30397,"[[0, 1], [0, 3], [0, 5], [1, 2], [2, 7], [3, 4], [6, 8], [6, 7]]"
30705,"[[0, 1], [0, 3], [0, 5], [1, 2], [2, 4]]"
30886,"[[0, 1], [0, 3], [0, 5], [1, 2], [2, 9], [3, 4], [4, 8], [4, 6], [7, 8], [7, 9]]"
30933,"[[0, 1], [0, 3], [0, 5], [1, 2], [2, 6], [3, 4], [4, 6]]"
31056,"[[0, 1], [0, 3], [1, 2], [2, 8], [2, 4], [2, 7], [5, 8], [5, 9], [6, 7]]"
3118,"[[0, 1], [0, 3], [1, 2], [2, 6], [2, 7], [4, 8], [4, 7], [5, 6]]"
31454,"[[0, 8], [0, 1], [0, 3], [1, 2], [2, 6], [4, 6], [5, 6], [5, 7]]"
31697,"[[0, 1], [0, 3], [0, 6], [1, 2], [2, 4], [2, 5]]"
31902,"[[0, 1], [0, 3], [1, 2], [2, 6], [2, 7], [4, 8], [4, 9], [4, 7], [5, 6]]"
31925,"[[0, 1], [0, 3], [0, 5], [1, 2], [2, 6], [3, 4], [4, 6]]"
31945,"[[0, 1], [0, 3], [0, 5], [1, 2], [2, 7], [4, 8], [4, 6], [4, 7]]"
31966,"[[0, 1], [0, 3], [0, 5], [0, 9], [1, 2], [2, 7], [3, 4], [4, 7], [6, 8], [6, 7]]"
32085,"[[0, 1], [0, 3], [0, 5], [1, 2], [2, 4]]"
32093,"[[0, 1], [0, 3], [1, 2], [2, 5], [4, 5], [4, 6]]"
32248,"[[0, 1], [0, 3], [0, 5], [0, 9], [1, 2], [2, 7], [3, 4], [4, 7], [6, 8], [6, 7]]"
33129,"[[0, 1], [0, 3], [0, 5], [1, 2], [2, 6], [3, 4], [4, 6]]"
33132,"[[0, 1], [0, 3], [1, 2], [2, 4], [2, 5], [2, 6]]"
33308,"[[0, 1], [0, 3], [0, 5], [1, 2], [2, 8], [4, 8], [4, 9], [4, 6], [4, 7]]"
33454,"[[0, 1], [0, 3], [0, 5], [1, 2], [2, 6], [3, 4], [4, 6]]"
34075,"[[0, 1], [0, 3], [1, 2], [2, 5], [4, 5], [4, 6]]"
34522,"[[0, 1], [0, 3], [0, 7], [1, 2], [2, 5], [4, 5], [4, 6]]"
34530,"[[0, 1], [0, 3], [0, 5], [1, 2], [2, 6], [3, 4], [4, 6]]"
34538,"[[0, 1], [0, 3], [0, 5], [1, 2], [2, 4]]"
34825,"[[0, 1], [0, 3], [0, 5], [1, 2], [2, 6], [3, 4], [4, 6]]"
34880,"[[0, 1], [0, 3], [0, 5], [0, 9], [1, 2], [2, 7], [3, 4], [4, 7], [6, 8], [6, 7]]"
35214,"[[0, 1], [0, 3], [0, 5], [0, 9], [1, 2], [2, 7], [3, 4], [4, 7], [6, 8], [6, 7]]"
3548,"[[0, 1], [0, 3], [0, 5], [0, 7], [1, 2], [2, 8], [2, 9], [3, 4], [4, 8], [5, 6], [6, 9]]"
35559,"[[0, 1], [0, 3], [0, 5], [0, 7], [1, 2], [2, 6], [3, 4], [4, 6]]"
35647,"[[0, 1], [0, 3], [0, 5], [0, 9], [1, 2], [2, 7], [3, 4], [4, 7], [6, 8], [6, 7]]"
35781,"[[0, 1], [0, 3], [0, 5], [0, 9], [1, 2], [2, 7], [3, 4], [4, 7], [6, 8], [6, 7]]"
35939,"[[0, 1], [0, 3], [0, 5], [0, 9], [1, 2], [2, 7], [3, 4], [4, 7], [6, 8], [6, 7]]"
35966,"[[0, 1], [0, 3], [1, 2]]"
36271,"[[0, 1], [0, 3], [0, 5], [1, 2], [2, 6], [3, 4], [4, 6]]"
36397,"[[0, 1], [0, 3], [0, 5], [0, 7], [1, 2], [2, 6], [3, 4], [4, 6]]"
36455,"[[0, 1], [0, 3], [1, 2], [2, 4], [2, 5], [2, 6]]"
36824,"[[0, 1], [0, 3], [1, 2], [2, 4], [2, 5], [2, 6], [2, 7]]"
37251,"[[0, 1], [0, 3], [1, 2], [2, 5], [4, 5], [4, 6]]"
37494,"[[0, 1], [0, 3], [0, 7], [1, 2], [2, 5], [4, 5], [4, 6]]"
37620,"[[0, 1], [0, 3], [0, 7], [1, 2], [2, 5], [4, 5], [4, 6]]"
37880,"[[0, 1], [0, 3], [1, 2], [2, 8], [2, 4], [2, 7], [5, 8], [5, 9], [6, 7]]"
3802,"[[0, 1], [0, 3], [0, 5], [1, 2], [2, 6], [3, 4], [4, 8], [4, 6], [7, 8]]"
382,"[[0, 1], [0, 3], [1, 2]]"
3828,"[[0, 1], [0, 3], [0, 5], [0, 7], [1, 2], [2, 6], [3, 4], [4, 6]]"
38599,"[[0, 1], [0, 3], [0, 5], [1, 2], [2, 4]]"
38655,"[[0, 1], [0, 3], [0, 5], [1, 2], [2, 4]]"
38697,"[[0, 8], [0, 1], [0, 3], [1, 2], [2, 5], [4, 9], [4, 5], [4, 6], [4, 7]]"
3883,"[[0, 1], [0, 3], [0, 5], [1, 2], [2, 6], [4, 6], [4, 7]]"
39152,"[[0, 1], [0, 3], [0, 5], [0, 7], [1, 2], [2, 6], [3, 4], [4, 6]]"
39171,"[[0, 1], [0, 3], [1, 2], [2, 4]]"
39503,"[[0, 1], [0, 3], [0, 5], [1, 2], [2, 6], [4, 6], [4, 7]]"
39541,"[[0, 1], [0, 3], [0, 5], [1, 2], [2, 6], [3, 4], [4, 6]]"
3989,"[[0, 1], [0, 3], [0, 6], [1, 2], [2, 4], [2, 5]]"
3998,"[[0, 1], [0, 3], [0, 7], [1, 2], [2, 5], [4, 5], [4, 6]]"
40069,"[[0, 1], [0, 3], [0, 5], [1, 2], [2, 9], [3, 4], [4, 8], [4, 7], [6, 8], [6, 9], [6, 7]]"
40618,"[[0, 1], [0, 3], [1, 2], [2, 4], [2, 5], [2, 6]]"
40679,"[[0, 1], [0, 3], [1, 2], [2, 8], [2, 5], [2, 6], [2, 7], [4, 8], [4, 7]]"
40703,"[[0, 1], [0, 3], [1, 2], [2, 7], [2, 4], [2, 9], [5, 9], [6, 8], [6, 7]]"
40878,"[[0, 1], [0, 3], [1, 2], [2, 8], [2, 5], [2, 6], [2, 7], [4, 8]]"
40954,"[[0, 1], [0, 3], [0, 5], [1, 2], [2, 6], [2, 7], [3, 4], [4, 6], [4, 7]]"
4136,"[[0, 1], [0, 3], [0, 5], [0, 7], [1, 2], [2, 6], [3, 4], [4, 6]]"
41402,"[[0, 1], [0, 3], [0, 5], [1, 2], [2, 6], [2, 7], [3, 4], [4, 6], [4, 7]]"
42799,"[[0, 1], [0, 3], [0, 5], [1, 2], [2, 9], [3, 4], [4, 8], [4, 7], [6, 8], [6, 9], [6, 7]]"
42813,"[[0, 8], [0, 1], [0, 3], [0, 5], [1, 2], [2, 6], [3, 4], [4, 6], [4, 7]]"
42952,"[[0, 1], [0, 3], [0, 5], [0, 9], [1, 2], [2, 7], [3, 4], [4, 7], [6, 8], [6, 7]]"
430,"[[0, 1], [0, 3], [0, 7], [1, 2], [2, 5], [4, 5], [4, 6]]"
43173,"[[0, 1], [0, 3], [1, 2], [2, 5], [4, 5]]"
43642,"[[0, 1], [0, 3], [0, 5], [1, 2], [2, 4]]"
43645,"[[0, 8], [0, 1], [0, 3], [1, 2], [2, 6], [4, 6], [5, 6], [5, 7]]"
43900,"[[0, 1], [0, 3], [0, 5], [1, 2], [2, 8], [4, 8], [4, 9], [4, 6], [4, 7]]"
44106,"[[0, 1], [0, 3], [1, 2], [2, 5], [2, 6], [4, 6]]"
44125,"[[0, 1], [0, 3], [1, 2], [2, 4], [2, 5]]"
44219,"[[0, 1], [0, 3], [1, 2], [2, 4], [2, 5], [2, 6]]"
44337,"[[0, 1], [0, 3], [0, 5], [0, 9], [1, 2], [2, 7], [3, 4], [4, 7], [6, 8], [6, 7]]"
44411,"[[0, 1], [0, 3], [0, 5], [1, 2], [2, 6], [3, 4], [4, 6]]"
44442,"[[0, 1], [0, 3], [0, 5], [1, 2], [2, 8], [4, 8], [4, 9], [4, 6], [4, 7]]"
44646,"[[0, 1], [0, 3], [0, 5], [0, 9], [1, 2], [2, 7], [3, 4], [4, 7], [6, 8], [6, 7]]"
44728,"[[0, 1], [0, 3], [0, 7], [1, 2], [2, 5], [4, 5], [4, 6]]"
4488,"[[0, 1], [0, 3], [1, 2], [2, 4], [2, 5], [2, 6], [2, 7]]"
44968,"[[0, 1], [0, 3], [0, 5], [1, 2], [2, 6], [3, 4], [4, 6]]"
45516,"[[0, 1], [0, 3], [1, 2], [2, 5], [4, 5]]"
45584,"[[0, 1], [0, 3], [0, 6], [1, 2], [2, 4], [2, 5], [2, 7]]"
45852,"[[0, 1], [0, 3], [0, 6], [1, 2], [2, 4], [2, 5]]"
46285,"[[0, 1], [0, 3], [0, 5], [1, 2], [2, 9], [3, 4], [4, 8], [4, 7], [6, 8], [6, 9], [6, 7]]"
46466,"[[0, 1], [0, 3], [1, 2], [2, 4], [2, 5], [2, 6]]"
46959,"[[0, 1], [0, 3], [1, 2], [2, 5], [4, 5], [4, 6]]"
47058,"[[0, 1], [0, 3], [0, 5], [1, 2], [2, 9], [3, 4], [4, 8], [4, 7], [6, 8], [6, 9], [6, 7]]"
47212,"[[0, 1], [0, 3], [0, 5], [0, 7], [1, 2], [2, 6], [3, 4], [4, 6]]"
475,"[[0, 1], [0, 3], [0, 5], [1, 2], [2, 4]]"
4788,"[[0, 1], [0, 3], [0, 5], [1, 2], [2, 6], [2, 9], [3, 4], [4, 8], [4, 6], [7, 8], [7, 9]]"
5181,"[[0, 1], [0, 3], [1, 2], [2, 8], [2, 4], [2, 7], [5, 8], [5, 9], [6, 7]]"
5622,"[[0, 1], [0, 3], [1, 2], [2, 4]]"
5980,"[[0, 1], [0, 3], [0, 5], [1, 2], [2, 9], [3, 4], [4, 8], [4, 7], [6, 8], [6, 9], [6, 7]]"
6649,"[[0, 1], [0, 3], [0, 6], [1, 2], [2, 4], [2, 5]]"
6883,"[[0, 1], [0, 3], [0, 6], [1, 2], [2, 4], [2, 5]]"
6921,"[[0, 1], [0, 3], [0, 5], [1, 2], [2, 4]]"
6922,"[[0, 1], [0, 3], [0, 5], [1, 2], [2, 4]]"
6963,"[[0, 1], [0, 3], [1, 2], [2, 4]]"
6975,"[[0, 1], [0, 3], [0, 5], [1, 2], [2, 6], [2, 9], [3, 4], [4, 8], [4, 6], [7, 8], [7, 9]]"
7084,"[[0, 1], [0, 3], [0, 5], [1, 2], [2, 6], [4, 6], [4, 7]]"
7131,"[[0, 1], [0, 3], [0, 6], [1, 2], [2, 4], [2, 5]]"
7196,"[[0, 1], [0, 3], [1, 2], [2, 5], [4, 5]]"
7444,"[[0, 1], [0, 3], [0, 5], [1, 2], [2, 6], [3, 4], [4, 6]]"
7491,"[[0, 1], [0, 3], [0, 7], [1, 2], [2, 5], [4, 5], [4, 6]]"
7961,"[[0, 1], [0, 3], [0, 5], [1, 2], [2, 6], [4, 6], [4, 7]]"
8449,"[[0, 1], [0, 3], [0, 5], [0, 7], [1, 2], [2, 6], [3, 4], [4, 6]]"
8561,"[[0, 1], [0, 3], [0, 6], [1, 2], [2, 4], [2, 5]]"
8656,"[[0, 1], [0, 3], [1, 2], [2, 5], [4, 5]]"
8852,"[[0, 1], [0, 3], [1, 2], [2, 4]]"
9027,"[[0, 1], [0, 3], [0, 5], [1, 2], [2, 6], [2, 9], [3, 4], [4, 8], [4, 6], [7, 8], [7, 9]]"
9671,"[[0, 1], [0, 3], [1, 2], [2, 4]]"
9763,"[[0, 1], [0, 3], [0, 6], [1, 2], [2, 4], [2, 5]]"
9948,"[[0, 1], [0, 3], [0, 6], [1, 2], [2, 4], [2, 5]]"
